Unnamed: 0,ID,GPSX,GPSY,GBCODE
116095,297.0,121.504204,31.232218,110200.0
116096,297.0,121.495457,31.261508000000006,110200.0
116097,297.0,121.486214,31.246454,110200.0
1586242,2907.0,121.451961,31.221615000000003,110200.0
1640694,3096.0,121.373643,31.110046,110200.0
1640695,3096.0,121.47003,31.216821000000003,110200.0
1644625,3122.0,121.487283,31.247887,110200.0
1644626,3122.0,121.488539,31.233635,110200.0
1644627,3122.0,121.493787,31.238517,110200.0
1644628,3122.0,121.378681,31.19601,110200.0
1647627,3145.0,121.435818,31.260095,110200.0
1647764,3156.0,121.440141,31.232383,110200.0
1648242,3169.0,121.390531,31.225054,110200.0
1648243,3169.0,121.46263799999998,31.274798,110200.0
1648244,3169.0,121.511593,31.231831,110200.0
1648245,3169.0,121.486234,31.236434000000006,110200.0
1648246,3169.0,121.469924,31.217045,110200.0
1648283,3172.0,121.493958,31.238166,110200.0
1648284,3172.0,121.40272,31.207536,110200.0
1648294,3178.0,121.49288500000002,31.242878,110200.0
1648295,3178.0,121.464492,31.233325,110200.0
1648296,3178.0,121.468447,31.194071,110200.0
1648297,3178.0,121.339418,31.080357,110200.0
1648298,3178.0,121.486466,31.235776,110200.0
1648299,3178.0,121.449054,31.229606,110200.0
1648300,3178.0,121.537131,31.217908,110200.0
1648301,3178.0,121.557485,31.212045,110200.0
1648302,3178.0,121.212212,31.289261,110200.0
1648303,3178.0,121.484757,31.251014,110200.0
1648304,3178.0,121.490416,31.404229,110200.0
1648305,3178.0,121.447393,31.210268,110200.0
1648306,3178.0,121.390265,31.190168,110200.0
1648307,3178.0,121.464483,31.233313,110200.0
1648308,3178.0,121.476112,31.225690000000004,110200.0
1648309,3178.0,121.398187,31.199723,110200.0
1648310,3178.0,121.461951,31.246445,110200.0
1648311,3178.0,121.424996,31.229721,110200.0
1648312,3178.0,121.278109,31.209976,110200.0
1648313,3178.0,121.49601,31.236063,110200.0
1648314,3178.0,121.398476,31.199738,110200.0
1648315,3178.0,121.490289,31.247609000000004,110200.0
1648316,3178.0,121.157981,31.291703,110200.0
1648317,3178.0,121.469694,31.224646000000003,110200.0
1648318,3178.0,121.382745,31.189417,110200.0
1648319,3178.0,121.453983,31.212844,110200.0
1648320,3178.0,121.526928,31.219534000000003,110200.0
1648321,3178.0,121.477167,31.233809,110200.0
1648322,3178.0,121.495606,31.228275,110200.0
1648323,3178.0,121.437806,31.193952000000003,110200.0
1648324,3178.0,121.512611,31.211647,110200.0
1648325,3178.0,121.454091,30.906559,110200.0
1648326,3178.0,121.452092,31.247056,110200.0
1648327,3178.0,121.581581,31.202411,110200.0
1648328,3178.0,121.595817,31.254708,110200.0
1648329,3178.0,121.347235,30.731594,110200.0
1648330,3178.0,121.428516,31.239040000000006,110200.0
1648331,3178.0,121.335123,31.089206,110200.0
1648332,3178.0,121.502141,31.251828000000003,110200.0
1648333,3178.0,121.441867,31.206808,110200.0
1648334,3178.0,121.490932,31.175434000000006,110200.0
1648335,3178.0,121.570992,31.2337,110200.0
1648336,3178.0,121.478004,31.228209000000003,110200.0
1648337,3178.0,121.468246,31.233117,110200.0
1648338,3178.0,121.502776,31.174153000000004,110200.0
1648339,3178.0,121.441583,31.223475,110200.0
1648340,3178.0,121.483728,31.241373,110200.0
1648341,3178.0,121.48871,31.247377,110200.0
1648342,3178.0,121.524055,31.22601,110200.0
1648343,3178.0,121.450222,31.218317,110200.0
1648344,3178.0,121.498909,31.240509000000007,110200.0
1648345,3178.0,121.480202,31.234229,110200.0
1648346,3178.0,121.471641,31.236367,110200.0
1648347,3178.0,121.466392,31.233026,110200.0
1648348,3178.0,121.48871,31.247377,110200.0
1648349,3178.0,121.457257,31.220683,110200.0
1648350,3178.0,121.519252,31.229829,110200.0
1648351,3178.0,121.559714,31.21442,110200.0
1648352,3178.0,121.43399,31.197045000000006,110200.0
1648353,3178.0,121.42878,31.239833,110200.0
1648354,3178.0,121.376306,31.245857,110200.0
1648355,3178.0,121.580875,31.202706,110200.0
1648356,3178.0,121.216565,31.039401,110200.0
1648357,3178.0,121.502983,31.242222,110200.0
1648358,3178.0,121.486442,31.264518,110200.0
1648359,3178.0,121.44917,31.212399,110200.0
1648360,3178.0,121.570622,31.237838,110200.0
1648361,3178.0,121.463343,31.210319,110200.0
1648362,3178.0,121.432712,31.207012,110200.0
1648363,3178.0,121.484596,31.2435,110200.0
1648364,3178.0,121.468368,31.193799,110200.0
1648365,3178.0,121.578911,31.244388,110200.0
1648366,3178.0,121.448566,31.237238,110200.0
1648367,3178.0,121.557877,31.210728000000003,110200.0
1648368,3178.0,121.464025,31.2096,110200.0
1648369,3178.0,121.440278,31.328379,110200.0
1648370,3178.0,121.444033,31.234239,110200.0
1648371,3178.0,121.475898,31.226196,110200.0
1648372,3178.0,121.520376,31.241518,110200.0
1648373,3178.0,121.533509,31.285666,110200.0
1648374,3178.0,121.458699,31.256452000000003,110200.0
1648375,3178.0,121.400382,31.207181,110200.0
1648376,3178.0,121.46871000000002,31.223991,110200.0
1648377,3178.0,121.495455,31.282791,110200.0
1648378,3178.0,121.200982,31.097306,110200.0
1648379,3178.0,121.451153,31.217855,110200.0
1648380,3178.0,121.438536,31.230081,110200.0
1648381,3178.0,121.498314,31.24032,110200.0
1648382,3178.0,121.52413,31.218654,110200.0
1648383,3178.0,121.450859,31.229717,110200.0
1648384,3178.0,121.460085,31.227424,110200.0
1648385,3178.0,121.216634,31.039379,110200.0
1648386,3178.0,121.487307,31.190135,110200.0
1648387,3178.0,121.484603,31.238615000000006,110200.0
1648388,3178.0,121.44618,31.216462,110200.0
1648389,3178.0,121.555894,31.229641,110200.0
1648390,3178.0,121.46643,31.203555,110200.0
1648391,3178.0,121.446579,31.221236,110200.0
1648392,3178.0,121.446882,31.195714,110200.0
1648393,3178.0,121.442458,31.30993,110200.0
1648394,3178.0,121.484986,31.240999,110200.0
1648395,3178.0,121.485832,31.257838,110200.0
1648396,3178.0,121.487538,31.256488,110200.0
1648397,3178.0,121.43148,31.323652000000006,110200.0
1648398,3178.0,121.458331,31.224996,110200.0
1648399,3178.0,121.382257,31.108887,110200.0
1648400,3178.0,121.587065,31.245246,110200.0
1648401,3178.0,121.484489,31.263716,110200.0
1648402,3178.0,121.448276,31.219519,110200.0
1648403,3178.0,121.452698,31.214027,110200.0
1648404,3178.0,121.512534,31.230371,110200.0
1648405,3178.0,121.588185,31.24453,110200.0
1648406,3178.0,121.501079,31.22219,110200.0
1648407,3178.0,121.476719,31.267476,110200.0
1648408,3178.0,121.48715,31.188842,110200.0
1648409,3178.0,121.465607,31.219659000000004,110200.0
1648410,3178.0,121.486234,31.236434000000006,110200.0
1648411,3178.0,121.55755,31.212214000000003,110200.0
1648412,3178.0,121.426576,31.219948,110200.0
1648413,3178.0,121.510474,31.229008,110200.0
1648414,3178.0,121.592727,31.249462,110200.0
1648415,3178.0,121.230536,31.007664,110200.0
1648416,3178.0,121.421436,31.18399,110200.0
1648417,3178.0,121.445717,31.221634,110200.0
1648418,3178.0,121.451457,31.216466,110200.0
1648419,3178.0,121.446618,31.235876,110200.0
1648420,3178.0,121.24076,31.386603000000004,110200.0
1648421,3178.0,121.447808,31.228679,110200.0
1648422,3178.0,121.442527,31.22666,110200.0
1648423,3178.0,121.468451,31.204126,110200.0
1648424,3178.0,121.79486,31.16281,110200.0
1648425,3178.0,121.47008999999998,31.21972,110200.0
1648426,3178.0,121.578661,31.242227000000003,110200.0
1648427,3178.0,121.475012,31.230876,110200.0
1648428,3178.0,121.484596,31.2435,110200.0
1648429,3178.0,121.387089,31.182811,110200.0
1648430,3178.0,121.426532,31.186378,110200.0
1648431,3178.0,121.425699,31.270805,110200.0
1648432,3178.0,121.474031,31.232163,110200.0
1648433,3178.0,121.501102,31.304017,110200.0
1648434,3178.0,121.40071100000002,31.206753000000006,110200.0
1648435,3178.0,121.338555,30.966175,110200.0
1648436,3178.0,121.531172,31.230457,110200.0
1648437,3178.0,121.47021399999998,31.225663,110200.0
1648438,3178.0,121.112658,31.151189,110200.0
1648439,3178.0,121.46342,31.232724,110200.0
1648440,3178.0,121.38416200000002,31.193413,110200.0
1648441,3178.0,121.401545,31.206740000000003,110200.0
1648442,3178.0,121.504631,31.29912,110200.0
1648443,3178.0,121.433783,31.2007,110200.0
1648444,3178.0,121.442403,31.216556,110200.0
1648445,3178.0,121.58392,31.340791,110200.0
1648446,3178.0,121.484157,31.215343,110200.0
1648447,3178.0,121.417663,31.286129,110200.0
1648448,3178.0,121.485339,31.235549,110200.0
1648449,3178.0,121.447778,31.275786,110200.0
1648450,3178.0,121.42473400000002,31.20658,110200.0
1648451,3178.0,121.391892,31.208242,110200.0
1648452,3178.0,121.516855,30.816958000000003,110200.0
1648453,3178.0,121.453861,31.218093,110200.0
1648454,3178.0,121.443418,31.225078000000003,110200.0
1648455,3178.0,121.503017,31.268355,110200.0
1648456,3178.0,121.461541,31.220651,110200.0
1648457,3178.0,121.381711,31.188064,110200.0
1648458,3178.0,121.43769,31.190549,110200.0
1648459,3178.0,121.439285,31.22863,110200.0
1648460,3178.0,121.430028,31.205667,110200.0
1648461,3178.0,121.450694,31.219828000000003,110200.0
1648462,3178.0,121.445041,31.2103,110200.0
1648463,3178.0,121.213259,31.266647,110200.0
1648464,3178.0,121.48976,31.303253,110200.0
1648465,3178.0,121.438203,31.225239,110200.0
1648466,3178.0,121.380526,31.346644,110200.0
1648467,3178.0,121.473547,31.207708,110200.0
1648468,3178.0,121.286815,31.170977,110200.0
1648469,3178.0,121.512702,31.300603,110200.0
1648470,3178.0,121.493904,31.243467,110200.0
1648471,3178.0,121.484947,31.235029,110200.0
1648472,3178.0,121.507537,31.263306,110200.0
1648473,3178.0,121.47248700000002,31.236503000000006,110200.0
1648474,3178.0,121.459685,31.214767,110200.0
1648475,3178.0,121.477804,31.242402,110200.0
1648476,3178.0,121.35652,31.141711,110200.0
1648477,3178.0,121.452797,31.187758,110200.0
1648478,3178.0,121.539425,31.220433,110200.0
1648479,3178.0,121.388977,31.198073,110200.0
1648480,3178.0,121.372696,31.194392,110200.0
1648481,3178.0,121.514103,31.227524,110200.0
1648482,3178.0,121.44308,31.226531,110200.0
1648483,3178.0,121.499733,31.244505,110200.0
1648484,3178.0,121.469283,31.225297,110200.0
1648485,3178.0,121.557682,31.192367,110200.0
1648486,3178.0,121.391317,31.223263,110200.0
1648487,3178.0,121.38416,31.193097,110200.0
1648488,3178.0,121.250708,31.383983,110200.0
1648489,3178.0,121.44231299999998,31.22265,110200.0
1648490,3178.0,121.507049,31.263774,110200.0
1648491,3178.0,121.445142,31.225134000000004,110200.0
1648492,3178.0,121.435806,31.247633,110200.0
1648493,3178.0,121.461416,31.227631,110200.0
1648494,3178.0,121.46863,31.218870000000006,110200.0
1648495,3178.0,121.435914,31.21841,110200.0
1648496,3178.0,121.439061,31.203598,110200.0
1648497,3178.0,121.497057,31.233679,110200.0
1648498,3178.0,121.43323999999998,31.213189,110200.0
1648499,3178.0,121.463697,31.21015,110200.0
1648500,3178.0,121.415859,31.178073,110200.0
1648501,3178.0,121.486351,31.236099,110200.0
1648502,3178.0,121.81538799999998,30.874137,110200.0
1648503,3178.0,121.452557,31.224631,110200.0
1648504,3178.0,121.473991,31.271455,110200.0
1648505,3178.0,121.464152,31.208382,110200.0
1648506,3178.0,121.464033,31.210364,110200.0
1648507,3178.0,121.558318,31.21495,110200.0
1648508,3178.0,121.461537,31.220747,110200.0
1648509,3178.0,121.476532,31.411547,110200.0
1648510,3178.0,121.469943,31.222938,110200.0
1648511,3178.0,121.494679,31.238764,110200.0
1648512,3178.0,121.527909,31.262902,110200.0
1648513,3178.0,121.517677,31.279757,110200.0
1648514,3178.0,121.520515,31.229368,110200.0
1648515,3178.0,121.113017,31.154613,110200.0
1648516,3178.0,121.449456,31.218106,110200.0
1648517,3178.0,121.486234,31.236434000000006,110200.0
1648518,3178.0,121.45202,31.248441,110200.0
1648519,3178.0,121.402652,31.20426,110200.0
1648520,3178.0,121.506041,31.306865,110200.0
1648521,3178.0,121.493119,31.283686,110200.0
1648522,3178.0,121.473547,31.207486,110200.0
1648523,3178.0,121.40828,31.198154,110200.0
1648524,3178.0,121.36967,31.180702,110200.0
1648525,3178.0,121.475554,31.288158000000006,110200.0
1648526,3178.0,121.741209,31.048407,110200.0
1648527,3178.0,121.467533,31.244589,110200.0
1648528,3178.0,121.42394,31.231252,110200.0
1648529,3178.0,121.465941,31.231163,110200.0
1648530,3178.0,121.391955,31.625731,110200.0
1648531,3178.0,121.487458,31.306472,110200.0
1648532,3178.0,121.780183,31.048654,110200.0
1648533,3178.0,121.4574,31.21716,110200.0
1648534,3178.0,121.483543,31.24381,110200.0
1648535,3178.0,121.241361,31.386543,110200.0
1648536,3178.0,121.320434,31.241411,110200.0
1648537,3178.0,121.432572,31.197266,110200.0
1648538,3178.0,121.897661,30.883165,110200.0
1648539,3178.0,121.594733,31.194857,110200.0
1648540,3178.0,121.419237,31.211315000000006,110200.0
1648541,3178.0,121.495891,31.235064,110200.0
1648542,3178.0,121.406471,31.233311,110200.0
1648543,3178.0,121.445314,31.223115000000004,110200.0
1648544,3178.0,121.446353,31.204733,110200.0
1648545,3178.0,121.43799,31.224681,110200.0
1648546,3178.0,121.25109,31.384733,110200.0
1648547,3178.0,121.384321,31.105877000000003,110200.0
1648548,3178.0,121.438645,31.224523,110200.0
1648549,3178.0,121.416361,31.220367,110200.0
1648550,3178.0,121.282621,31.333547,110200.0
1648551,3178.0,121.472496,31.223931,110200.0
1648552,3178.0,121.445236,31.225161,110200.0
1648553,3178.0,121.450192,31.221912,110200.0
1648554,3178.0,121.44993999999998,31.141698,110200.0
1648555,3178.0,121.290688,31.166355,110200.0
1648556,3178.0,121.46319,31.208008000000003,110200.0
1648557,3178.0,121.451079,31.22352,110200.0
1648558,3178.0,121.582705,31.213036,110200.0
1648559,3178.0,121.041198,31.10778,110200.0
1648560,3178.0,121.390987,31.226875,110200.0
1648561,3178.0,121.420931,31.142945,110200.0
1648562,3178.0,121.483475,31.243569,110200.0
1648563,3178.0,121.43511,31.195244,110200.0
1648564,3178.0,121.274459,31.15897,110200.0
1648565,3178.0,121.505943,31.236333,110200.0
1648566,3178.0,121.399909,31.244006,110200.0
1648567,3178.0,121.441771,31.22691,110200.0
1648568,3178.0,121.5042,31.202329,110200.0
1648569,3178.0,121.473261,31.227367,110200.0
1648570,3178.0,121.503355,31.236851,110200.0
1648571,3178.0,121.361757,31.183003000000006,110200.0
1648572,3178.0,121.443183,31.219042,110200.0
1648573,3178.0,121.431758,31.253853000000003,110200.0
1648574,3178.0,121.412454,31.221502,110200.0
1648575,3178.0,121.495378,31.235787,110200.0
1648576,3178.0,121.4371,31.299059000000003,110200.0
1648577,3178.0,121.49384,31.238305,110200.0
1648578,3178.0,121.342962,30.734661,110200.0
1648579,3178.0,121.426627,31.200818,110200.0
1648580,3178.0,121.438936,31.224238,110200.0
1648581,3178.0,121.214855,31.051613,110200.0
1648582,3178.0,121.479096,30.927172,110200.0
1648583,3178.0,121.389315,31.314566,110200.0
1648584,3178.0,121.440828,31.221171,110200.0
1648585,3178.0,121.459989,30.816207,110200.0
1648586,3178.0,121.503355,31.236851,110200.0
1648587,3178.0,121.481837,31.250666,110200.0
1648588,3178.0,121.19956299999998,31.051805,110200.0
1648589,3178.0,121.510796,31.267865000000004,110200.0
1648590,3178.0,121.47142,31.235656,110200.0
1648591,3178.0,121.493269,31.237952000000003,110200.0
1648592,3178.0,121.448306,31.219564,110200.0
1648593,3178.0,121.224674,31.153783,110200.0
1648594,3178.0,121.164742,31.297675,110200.0
1648595,3178.0,121.105401,31.161288,110200.0
1648596,3178.0,121.442965,31.225155,110200.0
1648597,3178.0,121.450275,31.228576,110200.0
1648598,3178.0,121.437374,31.284067,110200.0
1648599,3178.0,121.432996,31.19638,110200.0
1648600,3178.0,121.469276,31.225711,110200.0
1648601,3178.0,121.46048799999998,31.255409000000004,110200.0
1648602,3178.0,121.47651100000002,31.233642,110200.0
1648603,3178.0,121.510667,31.229173,110200.0
1648604,3178.0,121.337686,31.258189,110200.0
1648605,3178.0,121.553263,31.205352,110200.0
1648606,3178.0,121.480026,31.250377,110200.0
1648607,3178.0,121.445154,31.217613,110200.0
1648608,3178.0,121.47061399999998,31.221588,110200.0
1648609,3178.0,121.402021,31.207662,110200.0
1648610,3178.0,121.369661,31.180032,110200.0
1648611,3178.0,121.364491,31.405304,110200.0
1648612,3178.0,121.501302,31.24451,110200.0
1648613,3178.0,121.458928,31.22082,110200.0
1648614,3178.0,121.432252,31.197146000000004,110200.0
1648615,3178.0,121.479552,31.277858,110200.0
1648616,3178.0,121.778861,31.052575,110200.0
1648617,3178.0,121.48494,31.235022,110200.0
1648618,3178.0,121.455266,31.230511,110200.0
1648619,3178.0,121.407315,31.234468,110200.0
1648620,3178.0,121.418618,31.239771,110200.0
1648621,3178.0,121.411665,31.220622,110200.0
1648622,3178.0,121.450048,31.232552,110200.0
1648623,3178.0,121.462457,31.259044,110200.0
1648624,3178.0,121.394194,31.216994,110200.0
1648625,3178.0,121.552324,31.234488,110200.0
1648626,3178.0,121.47651100000002,31.233642,110200.0
1648627,3178.0,121.438642,31.194528,110200.0
1648628,3178.0,121.439333,31.228635,110200.0
1648629,3178.0,121.492867,31.249506,110200.0
1648630,3178.0,121.439599,31.208111,110200.0
1648631,3178.0,121.501776,31.273153000000004,110200.0
1648632,3178.0,121.486234,31.236434000000006,110200.0
1648633,3178.0,121.434709,31.19807,110200.0
1648634,3178.0,121.471034,31.221382,110200.0
1648635,3178.0,121.472001,31.234414,110200.0
1648636,3178.0,121.497749,31.159722,110200.0
1648637,3178.0,121.445505,31.226196,110200.0
1648638,3178.0,121.442964,31.225775,110200.0
1648639,3178.0,121.442629,31.225141,110200.0
1648640,3178.0,121.045447,31.122776,110200.0
1648641,3178.0,121.400495,31.206465,110200.0
1648642,3178.0,121.432402,31.241427,110200.0
1648643,3178.0,121.583418,31.27372,110200.0
1648644,3178.0,121.40396,31.209055,110200.0
1648645,3178.0,121.454121,31.222192,110200.0
1648646,3178.0,121.329883,31.167472,110200.0
1648647,3178.0,121.441221,31.325578000000004,110200.0
1648648,3178.0,121.444044,31.224254,110200.0
1648649,3178.0,121.364127,31.196816,110200.0
1648650,3178.0,121.407533,31.291407,110200.0
1648651,3178.0,121.559905,31.214976,110200.0
1648652,3178.0,121.443647,31.309359000000004,110200.0
1648653,3178.0,121.432124,31.196815,110200.0
1648654,3178.0,121.394815,31.165887,110200.0
1648655,3178.0,121.379471,31.285925,110200.0
1648656,3178.0,121.445865,31.210494,110200.0
1648657,3178.0,121.419966,31.003515000000004,110200.0
1648658,3178.0,121.58738999999998,31.193478,110200.0
1648659,3178.0,121.470481,31.219625,110200.0
1648660,3178.0,121.559635,31.215265,110200.0
1648661,3178.0,121.310134,31.151203,110200.0
1648662,3178.0,121.434558,31.202965000000006,110200.0
1648663,3178.0,121.402983,31.193274,110200.0
1648664,3178.0,121.434678,31.199291,110200.0
1648665,3178.0,121.47201499999998,31.233909000000004,110200.0
1648666,3178.0,121.323623,31.193929,110200.0
1648667,3178.0,121.454394,31.222458000000003,110200.0
1648668,3178.0,121.441711,31.225551,110200.0
1648669,3178.0,121.461537,31.227273,110200.0
1648670,3178.0,121.39795,31.211504,110200.0
1648671,3178.0,121.369539,31.274457,110200.0
1648672,3178.0,121.211524,31.051669,110200.0
1648673,3178.0,121.453055,31.187884000000004,110200.0
1648674,3178.0,121.470441,31.223006,110200.0
1648675,3178.0,121.396932,31.197151,110200.0
1648676,3178.0,121.586758,31.18922,110200.0
1648677,3178.0,121.435538,31.197308000000003,110200.0
1648678,3178.0,121.437952,31.224745,110200.0
1648679,3178.0,121.45991200000002,31.233175,110200.0
1648680,3178.0,121.445631,31.214814,110200.0
1648681,3178.0,121.480212,30.91719,110200.0
1648682,3178.0,121.512869,31.304920000000006,110200.0
1648683,3178.0,121.623281,31.213857,110200.0
1648684,3178.0,121.287288,31.171375,110200.0
1648685,3178.0,121.519448,30.840232,110200.0
1648686,3178.0,121.545851,31.212302,110200.0
1648687,3178.0,121.483838,31.264554,110200.0
1648688,3178.0,121.480907,30.917075,110200.0
1648689,3178.0,121.48048500000002,30.916981,110200.0
1648690,3178.0,121.447173,31.23045,110200.0
1648691,3178.0,121.43218600000002,31.196679,110200.0
1648692,3178.0,121.452564,31.247134000000006,110200.0
1648693,3178.0,121.237728,31.366421000000006,110200.0
1648694,3178.0,121.41407,31.235213,110200.0
1648695,3178.0,121.438697,31.19117,110200.0
1648696,3178.0,121.413312,31.221417,110200.0
1648697,3178.0,121.473117,31.235174,110200.0
1648698,3178.0,121.309681,30.887619,110200.0
1648699,3178.0,121.414264,31.209565,110200.0
1648700,3178.0,121.27797,31.205002,110200.0
1648701,3178.0,121.371051,31.209628,110200.0
1648702,3178.0,121.461751,31.217051,110200.0
1648703,3178.0,121.555917,31.229293,110200.0
1648704,3178.0,121.469708,31.216513,110200.0
1648705,3178.0,121.333475,30.733361,110200.0
1648706,3178.0,121.447183,31.2306,110200.0
1648707,3178.0,121.454629,31.219095000000006,110200.0
1648708,3178.0,121.419363,31.211369,110200.0
1648709,3178.0,121.439309,31.209836,110200.0
1648710,3178.0,121.466422,31.23289,110200.0
1648711,3178.0,121.4128,31.207712,110200.0
1648712,3178.0,121.360841,31.150477,110200.0
1648713,3178.0,121.547917,31.226751,110200.0
1648714,3178.0,121.346468,31.315184,110200.0
1648715,3178.0,121.403198,31.209119,110200.0
1648716,3178.0,121.469722,31.217092,110200.0
1648717,3178.0,121.468368,31.194008,110200.0
1648718,3178.0,121.506671,31.264083000000007,110200.0
1648719,3178.0,121.402802,31.212185,110200.0
1648720,3178.0,121.426064,31.185416,110200.0
1648721,3178.0,121.437623,31.181872,110200.0
1648722,3178.0,121.456438,31.231742,110200.0
1648723,3178.0,121.555609,31.229184000000004,110200.0
1648724,3178.0,121.48592,31.208384,110200.0
1648725,3178.0,121.443735,31.227743,110200.0
1648726,3178.0,121.441771,31.22691,110200.0
1648727,3178.0,121.443525,31.224165000000006,110200.0
1648728,3178.0,121.266468,31.16811,110200.0
1648729,3178.0,121.58746399999998,31.246354,110200.0
1648730,3178.0,121.46049,31.234339,110200.0
1648731,3178.0,121.452198,31.212226,110200.0
1648732,3178.0,121.402383,31.208617,110200.0
1648733,3178.0,121.479552,31.277858,110200.0
1648734,3178.0,121.444572,31.225590000000004,110200.0
1648735,3178.0,121.423978,31.219527000000006,110200.0
1648736,3178.0,121.43947,31.228446,110200.0
1648737,3178.0,121.527966,31.288997,110200.0
1648738,3178.0,121.437033,31.230407,110200.0
1648739,3178.0,121.441839,31.226941,110200.0
1648740,3178.0,121.44938799999998,31.208444,110200.0
1648741,3178.0,121.465475,31.221147,110200.0
1648742,3178.0,121.444697,31.206665,110200.0
1648743,3178.0,121.425296,31.161293,110200.0
1648744,3178.0,121.44959,31.21826,110200.0
1648745,3178.0,121.500478,31.210614,110200.0
1648746,3178.0,121.41768799999998,31.286295000000006,110200.0
1648747,3178.0,121.489609,31.232658,110200.0
1648748,3178.0,121.341519,31.196282,110200.0
1648749,3178.0,121.345579,31.158043,110200.0
1648750,3178.0,121.464116,31.207763,110200.0
1648751,3178.0,121.438549,31.219864,110200.0
1648752,3178.0,121.15941,31.289726,110200.0
1648753,3178.0,121.574698,31.11884,110200.0
1648754,3178.0,121.4852,31.240408,110200.0
1648755,3178.0,121.531294,31.237518,110200.0
1648756,3178.0,121.261878,31.328158,110200.0
1648757,3178.0,121.377705,31.234781,110200.0
1648758,3178.0,121.207251,31.420058,110200.0
1648759,3178.0,121.699017,31.19978,110200.0
1648760,3178.0,121.445655,31.212406,110200.0
1648761,3178.0,121.455459,31.216968,110200.0
1648762,3178.0,121.486807,31.234472,110200.0
1648763,3178.0,121.436524,31.025474,110200.0
1648764,3178.0,121.444824,31.34151,110200.0
1648765,3178.0,121.470471,31.219683000000003,110200.0
1648766,3178.0,121.452848,31.187777,110200.0
1648767,3178.0,121.495498,31.228358,110200.0
1648768,3178.0,121.431351,31.227009,110200.0
1648769,3178.0,121.770361,31.051108000000006,110200.0
1648770,3178.0,121.443615,31.325339000000003,110200.0
1648771,3178.0,121.447443,31.228433000000006,110200.0
1648772,3178.0,121.512999,31.225,110200.0
1648773,3178.0,121.411096,31.189794,110200.0
1648774,3178.0,121.445757,31.22163,110200.0
1648775,3178.0,121.469667,31.216467,110200.0
1648776,3178.0,121.483205,31.242938,110200.0
1648777,3178.0,121.560276,31.214592,110200.0
1648778,3178.0,121.40252,31.193308,110200.0
1648779,3178.0,121.188209,31.045474,110200.0
1648780,3178.0,121.314556,31.138232,110200.0
1648781,3178.0,121.434503,31.194340000000004,110200.0
1648782,3178.0,121.50874,31.143578,110200.0
1648783,3178.0,121.44951299999998,31.213528000000004,110200.0
1648784,3178.0,121.338662,31.080379,110200.0
1648785,3178.0,121.202002,31.049573,110200.0
1648786,3178.0,121.445235,31.225826,110200.0
1648787,3178.0,121.382589,31.109895,110200.0
1648788,3178.0,121.486376,31.246686,110200.0
1648789,3178.0,121.213657,31.040599,110200.0
1648790,3178.0,121.214374,31.051683,110200.0
1648791,3178.0,121.503391,31.332457,110200.0
1648792,3178.0,121.486542,31.256746000000003,110200.0
1648793,3178.0,121.299167,31.160468,110200.0
1648794,3178.0,121.31583899999998,31.291696,110200.0
1648795,3178.0,121.309833,31.176543,110200.0
1648796,3178.0,121.323067,31.196092,110200.0
1648797,3178.0,121.559494,31.214663,110200.0
1648798,3178.0,121.419409,31.195966,110200.0
1648799,3178.0,121.398707,31.207042,110200.0
1648800,3178.0,121.397528,31.21084,110200.0
1648801,3178.0,121.64968,31.027613,110200.0
1648802,3178.0,121.444998,31.210420000000006,110200.0
1648803,3178.0,121.448382,31.232485,110200.0
1648804,3178.0,121.287288,31.171375,110200.0
1648805,3178.0,121.471741,31.234597,110200.0
1648806,3178.0,121.19762,31.041744,110200.0
1648807,3178.0,121.387648,31.202367,110200.0
1648808,3178.0,121.45432,30.908155,110200.0
1648809,3178.0,121.498396,30.842456,110200.0
1648810,3178.0,121.416361,31.220367,110200.0
1648811,3178.0,121.43799,31.224681,110200.0
1648812,3178.0,121.601892,31.263675,110200.0
1648813,3178.0,121.530028,31.179915,110200.0
1648814,3178.0,121.624194,31.215212,110200.0
1648815,3178.0,121.471872,31.233893,110200.0
1648816,3178.0,121.388069,31.2025,110200.0
1648817,3178.0,121.438448,31.29894,110200.0
1648818,3178.0,121.440955,31.226136,110200.0
1648819,3178.0,121.50376599999998,30.83997,110200.0
1648820,3178.0,121.237844,31.061113,110200.0
1648821,3178.0,121.276852,31.204659000000003,110200.0
1648822,3178.0,121.320255,31.24142,110200.0
1648823,3178.0,121.412732,31.207743,110200.0
1648824,3178.0,121.205553,31.033929,110200.0
1648825,3178.0,121.702544,31.384914,110200.0
1648826,3178.0,121.453923,31.223121000000006,110200.0
1648827,3178.0,121.443459,31.325908,110200.0
1648828,3178.0,121.431655,31.024814000000006,110200.0
1648829,3178.0,121.473082,31.209584000000003,110200.0
1648830,3178.0,121.394814,31.165886,110200.0
1648831,3178.0,121.496426,31.30305,110200.0
1648832,3178.0,121.452324,31.215916,110200.0
1648833,3178.0,121.37311,31.192627,110200.0
1648834,3178.0,121.290688,31.166355,110200.0
1648835,3178.0,121.448397,31.218908000000006,110200.0
1648836,3178.0,121.442,31.237706,110200.0
1648837,3178.0,121.519581,30.837635,110200.0
1648838,3178.0,121.479588,31.277539,110200.0
1648839,3178.0,121.444718,31.206637,110200.0
1648840,3178.0,121.240809,31.015227000000007,110200.0
1648841,3178.0,121.238348,31.060177000000003,110200.0
1648842,3178.0,121.464935,31.209612,110200.0
1648843,3178.0,121.57113,31.233724,110200.0
1648844,3178.0,121.439234,31.194347,110200.0
1648845,3178.0,121.503066,31.251887,110200.0
1648846,3178.0,121.407211,31.233057,110200.0
1648847,3178.0,121.445603,31.202487,110200.0
1648848,3178.0,121.446127,31.218912,110200.0
1648849,3178.0,121.448336,31.231994,110200.0
1648850,3178.0,121.437495,31.216743,110200.0
1648851,3178.0,121.482025,31.301713,110200.0
1648852,3178.0,121.44631499999998,31.222059,110200.0
1648853,3178.0,121.397176,31.197239,110200.0
1648854,3178.0,121.453902,31.188243,110200.0
1648855,3178.0,121.411774,31.228771,110200.0
1648856,3178.0,121.469028,31.225091,110200.0
1648857,3178.0,121.238581,31.060966,110200.0
1648858,3178.0,121.436742,31.231317,110200.0
1648859,3178.0,121.445652,31.20256,110200.0
1648860,3178.0,121.485261,31.242518,110200.0
1648861,3178.0,121.495439,31.228403000000004,110200.0
1648862,3178.0,121.318211,31.241373,110200.0
1648863,3178.0,121.69396,31.189048,110200.0
1648864,3178.0,121.463484,31.223112,110200.0
1648865,3178.0,121.461087,31.227599,110200.0
1648866,3178.0,121.47021399999998,31.216837,110200.0
1648867,3178.0,121.461733,31.233162,110200.0
1648868,3178.0,121.421867,31.204875,110200.0
1648869,3178.0,121.437385,31.19289,110200.0
1648870,3178.0,121.383096,31.108482,110200.0
1648871,3178.0,121.437578,31.191493,110200.0
1648872,3178.0,121.39685,31.211535,110200.0
1648873,3178.0,121.46634,31.206206,110200.0
1648874,3178.0,121.518202,31.321884000000004,110200.0
1648875,3178.0,121.463599,31.208171000000004,110200.0
1648876,3178.0,121.703622,31.384936,110200.0
1648877,3178.0,121.453989,31.218069,110200.0
1648878,3178.0,121.688365,31.183431,110200.0
1648879,3178.0,121.390478,31.157662,110200.0
1648880,3178.0,121.479507,31.23748,110200.0
1648881,3178.0,121.438684,31.225176,110200.0
1648882,3178.0,121.46389,31.208022,110200.0
1648883,3178.0,121.479943,31.231353,110200.0
1648884,3178.0,121.428708,31.197293,110200.0
1648885,3178.0,121.446549,31.207616,110200.0
1648886,3178.0,121.397528,31.21084,110200.0
1648887,3178.0,121.596618,31.208841,110200.0
1648888,3178.0,121.443505,31.235196,110200.0
1648889,3178.0,121.723502,31.156937,110200.0
1648890,3178.0,121.43606,31.211648,110200.0
1648891,3178.0,121.532267,31.215222,110200.0
1648892,3178.0,121.5045,31.252421,110200.0
1648893,3178.0,121.463841,31.207836,110200.0
1648894,3178.0,121.571017,31.238024,110200.0
1648895,3178.0,121.381038,31.199027,110200.0
1648896,3178.0,121.403664,31.209137,110200.0
1648897,3178.0,121.469705,31.216572,110200.0
1648898,3178.0,121.320104,31.241748,110200.0
1648899,3178.0,121.488781,31.234182,110200.0
1648900,3178.0,121.42497,31.302761,110200.0
1648901,3178.0,121.374795,31.246673,110200.0
1648902,3178.0,121.446467,31.207676,110200.0
1648903,3178.0,121.502746,31.219656,110200.0
1648904,3178.0,121.44173,31.214440000000003,110200.0
1648905,3178.0,121.447352,31.275612,110200.0
1648906,3178.0,121.580144,31.20114,110200.0
1648907,3178.0,121.405282,31.214755,110200.0
1648908,3178.0,121.363,31.083927000000006,110200.0
1648909,3178.0,121.469993,31.237965000000006,110200.0
1648910,3178.0,121.440511,31.225939,110200.0
1648911,3178.0,121.441757,31.227227000000006,110200.0
1648912,3178.0,121.436542,31.196336,110200.0
1648913,3178.0,121.446256,31.221963,110200.0
1648914,3178.0,121.48027,31.229673,110200.0
1648915,3178.0,121.481035,31.240407,110200.0
1648916,3178.0,121.44918,31.212392,110200.0
1648917,3178.0,121.424621,31.230553000000004,110200.0
1648918,3178.0,121.457522,31.179043,110200.0
1648919,3178.0,121.212201,31.289047,110200.0
1648920,3178.0,121.454971,31.218148,110200.0
1648921,3178.0,121.513657,31.309899,110200.0
1648922,3178.0,121.695233,31.186568,110200.0
1648923,3178.0,121.44271299999998,31.295759000000004,110200.0
1648924,3178.0,121.472506,31.249822,110200.0
1648925,3178.0,121.469203,31.289049,110200.0
1648926,3178.0,121.437135,31.266052,110200.0
1648927,3178.0,121.49274,31.374595000000006,110200.0
1648928,3178.0,121.404113,31.235605,110200.0
1648929,3178.0,121.156878,30.897937,110200.0
1648930,3178.0,121.453621,31.217359,110200.0
1648931,3178.0,121.383507,31.193128,110200.0
1648932,3178.0,121.41,31.209128000000003,110200.0
1648933,3178.0,121.205553,31.03393,110200.0
1648934,3178.0,121.450403,31.218042,110200.0
1648935,3178.0,121.46988600000002,31.217138,110200.0
1648936,3178.0,121.372654,31.111307,110200.0
1648937,3178.0,121.567425,31.161181,110200.0
1648938,3178.0,121.507318,31.307303000000005,110200.0
1648939,3178.0,121.503009,31.25337,110200.0
1648940,3178.0,121.495955,31.239483,110200.0
1648941,3178.0,121.449518,31.213546,110200.0
1648942,3178.0,121.107218,31.147665000000003,110200.0
1648943,3178.0,121.455353,31.236824,110200.0
1648944,3178.0,121.195966,31.051606,110200.0
1648945,3178.0,121.455585,31.277689,110200.0
1648946,3178.0,121.455213,31.230484000000004,110200.0
1648947,3178.0,121.465607,31.219659000000004,110200.0
1648948,3178.0,121.435087,31.198606,110200.0
1648949,3178.0,121.389133,31.181454,110200.0
1648950,3178.0,121.412782,31.19976,110200.0
1648951,3178.0,121.376641,31.189112,110200.0
1648952,3178.0,121.598792,31.20819,110200.0
1648953,3178.0,121.435416,31.194578000000003,110200.0
1648954,3178.0,121.481302,31.240481,110200.0
1648955,3178.0,121.501048,31.237133,110200.0
1648956,3178.0,121.574555,31.117613,110200.0
1648957,3178.0,121.468635,31.218803,110200.0
1648958,3178.0,121.459765,31.233455,110200.0
1648959,3178.0,121.471143,31.220693,110200.0
1648960,3178.0,121.360148,31.260812,110200.0
1648961,3178.0,121.426384,31.249846999999995,110200.0
1648962,3178.0,121.469595,31.217139000000003,110200.0
1648963,3178.0,121.470733,31.222676,110200.0
1648964,3178.0,121.503784,31.283243,110200.0
1648965,3178.0,121.425115,31.20646,110200.0
1648966,3178.0,121.444736,31.238651,110200.0
1648967,3178.0,121.468612,31.219371,110200.0
1648968,3178.0,121.470711,31.224915000000006,110200.0
1648969,3178.0,121.212236,31.051262,110200.0
1648970,3178.0,121.44053,31.202772,110200.0
1648971,3178.0,121.470422,31.219562,110200.0
1648972,3178.0,121.50585,31.300040000000006,110200.0
1648973,3178.0,121.43683500000002,31.244419,110200.0
1648974,3178.0,121.427305,30.99134,110200.0
1648975,3178.0,121.369802,31.17391,110200.0
1648976,3178.0,121.44974,31.222826,110200.0
1648977,3178.0,121.486807,31.234472,110200.0
1648978,3178.0,121.511844,31.302815,110200.0
1648979,3178.0,121.439478,31.213471,110200.0
1648980,3178.0,121.653841,31.278059,110200.0
1648981,3178.0,121.36721,31.347279,110200.0
1648982,3178.0,121.588434,31.24358,110200.0
1648983,3178.0,121.430008,31.221894,110200.0
1648984,3178.0,121.55953,31.215098,110200.0
1648985,3178.0,121.49654,31.237446,110200.0
1648986,3178.0,121.451434,31.230449,110200.0
1648987,3178.0,121.486175,31.236379,110200.0
1648988,3178.0,121.438673,31.232262,110200.0
1648989,3178.0,121.391786,31.158028,110200.0
1648990,3178.0,121.49973500000002,31.321884000000004,110200.0
1648991,3178.0,121.385605,31.166555,110200.0
1648992,3178.0,121.464225,31.210249,110200.0
1648993,3178.0,121.477101,31.261838,110200.0
1648994,3178.0,121.369983,31.171276,110200.0
1648995,3178.0,121.544794,31.291165000000003,110200.0
1648996,3178.0,121.413666,31.238694,110200.0
1648997,3178.0,121.452193,31.257667,110200.0
1648998,3178.0,121.490185,31.292631,110200.0
1648999,3178.0,121.587484,31.193305,110200.0
1649000,3178.0,121.511949,30.848822,110200.0
1649001,3178.0,121.407858,31.247037,110200.0
1649002,3178.0,121.50293,31.219797,110200.0
1649003,3178.0,121.306573,31.143633,110200.0
1649004,3178.0,121.40305,31.210132,110200.0
1649005,3178.0,121.506846,31.079824,110200.0
1649006,3178.0,121.413025,31.237158,110200.0
1649007,3178.0,121.440987,31.249379,110200.0
1649008,3178.0,121.458935,31.228797,110200.0
1649009,3178.0,121.402061,31.209256,110200.0
1649010,3178.0,121.319765,31.242590000000003,110200.0
1649011,3178.0,121.406955,31.234421,110200.0
1649012,3178.0,121.439209,31.228907,110200.0
1649013,3178.0,121.381795,31.109653,110200.0
1649014,3178.0,121.514421,31.133284000000003,110200.0
1649015,3178.0,121.46715,31.239054,110200.0
1649016,3178.0,121.425381,31.206431,110200.0
1649017,3178.0,121.426429,31.249846,110200.0
1649018,3178.0,121.236548,31.366079,110200.0
1649019,3178.0,121.897231,30.882763,110200.0
1649020,3178.0,121.409858,31.209062,110200.0
1649021,3178.0,121.469226,31.22317,110200.0
1649022,3178.0,121.391446,31.620873,110200.0
1649023,3178.0,121.45038999999998,31.227987,110200.0
1649024,3178.0,121.438402,31.245076,110200.0
1649025,3178.0,121.369762,31.180137,110200.0
1649026,3178.0,121.51913,30.840291,110200.0
1649027,3178.0,121.514243,31.231796000000006,110200.0
1649028,3178.0,121.447444,31.228431,110200.0
1649029,3178.0,121.484986,31.240966,110200.0
1649030,3178.0,121.207242,31.28097,110200.0
1649031,3178.0,121.449634,31.212899,110200.0
1649032,3178.0,121.60126,31.311598,110200.0
1649033,3178.0,121.487538,31.398297,110200.0
1649034,3178.0,121.441539,31.224629,110200.0
1649035,3178.0,121.298872,31.435312,110200.0
1649036,3178.0,121.469599,31.221488,110200.0
1649037,3178.0,121.191593,31.019049,110200.0
1649038,3178.0,121.504677,31.30494,110200.0
1649039,3178.0,121.142434,31.161140000000003,110200.0
1649040,3178.0,121.462934,31.26736,110200.0
1649041,3178.0,121.451396,31.20623,110200.0
1649042,3178.0,121.382566,31.322872,110200.0
1649043,3178.0,121.335011,31.257545,110200.0
1649044,3178.0,121.455263,31.236654,110200.0
1649045,3178.0,121.274598,31.386776,110200.0
1649046,3178.0,121.276272,31.325808,110200.0
1649047,3178.0,121.390765,31.057928000000004,110200.0
1649048,3178.0,121.200403,31.296290000000006,110200.0
1649049,3178.0,121.277753,31.329352,110200.0
1649050,3178.0,121.419583,31.238911,110200.0
1649051,3178.0,121.552586,31.257734000000006,110200.0
1649052,3178.0,121.461452,31.241898,110200.0
1649053,3178.0,121.436083,31.249474,110200.0
1649054,3178.0,121.398881,31.19956,110200.0
1649055,3178.0,121.490248,31.252784,110200.0
1649056,3178.0,121.456626,31.232774,110200.0
1649057,3178.0,121.426053,31.237031,110200.0
1649058,3178.0,121.212615,31.316981,110200.0
1649059,3178.0,121.442506,31.325677,110200.0
1649060,3178.0,121.484947,31.235029,110200.0
1649061,3178.0,121.478604,31.287165,110200.0
1649062,3178.0,121.447772,31.233112,110200.0
1649063,3178.0,121.438364,31.210671,110200.0
1649064,3178.0,121.448095,31.235788,110200.0
1649065,3178.0,121.400532,31.193392,110200.0
1649066,3178.0,121.467506,31.245036,110200.0
1649067,3178.0,121.464253,31.217076,110200.0
1649068,3178.0,121.464122,31.222494,110200.0
1649069,3178.0,121.41185,31.259823,110200.0
1649070,3178.0,121.464394,31.23331,110200.0
1649071,3178.0,121.642915,31.121879,110200.0
1649072,3178.0,121.445898,31.204878000000004,110200.0
1649073,3178.0,121.455641,31.228364000000006,110200.0
1649074,3178.0,121.500226,31.303517,110200.0
1649075,3178.0,121.442043,31.226801,110200.0
1649076,3178.0,121.48741499999998,31.280996,110200.0
1649077,3178.0,121.472613,31.220131,110200.0
1649078,3178.0,121.503672,31.305195,110200.0
1649079,3178.0,121.43761299999998,31.20901,110200.0
1649080,3178.0,121.471034,31.221243,110200.0
1649081,3178.0,121.433009,31.207815000000004,110200.0
1649082,3178.0,121.434458,31.208252,110200.0
1649083,3178.0,121.478298,30.927759,110200.0
1649084,3178.0,121.333231,31.167021,110200.0
1649085,3178.0,121.39062,31.224532,110200.0
1649086,3178.0,121.278206,31.330715,110200.0
1649087,3178.0,121.466131,31.204803,110200.0
1649088,3178.0,121.470617,31.218545,110200.0
1649089,3178.0,121.337054,31.148643,110200.0
1649090,3178.0,121.383402,31.322757,110200.0
1649091,3178.0,121.51242,31.225071000000003,110200.0
1649092,3178.0,121.472468,31.223915,110200.0
1649093,3178.0,121.196193,31.04258,110200.0
1649094,3178.0,121.432423,31.207654,110200.0
1649095,3178.0,121.503219,31.218427,110200.0
1649096,3178.0,121.594326,31.266138,110200.0
1649097,3178.0,121.441799,31.213804,110200.0
1649098,3178.0,121.618267,31.130987,110200.0
1649099,3178.0,121.252979,31.380776,110200.0
1649100,3178.0,121.580272,31.241724,110200.0
1649101,3178.0,121.495591,31.228259,110200.0
1649102,3178.0,121.376571,31.173265,110200.0
1649103,3178.0,121.463352,31.222616,110200.0
1649104,3178.0,121.434893,31.181436,110200.0
1649105,3178.0,121.473806,31.222529,110200.0
1649106,3178.0,121.452945,31.235808,110200.0
1649107,3178.0,121.19163,31.036713,110200.0
1649108,3178.0,121.437173,31.196847,110200.0
1649109,3178.0,121.450124,31.236941,110200.0
1649110,3178.0,121.450743,31.219792,110200.0
1649111,3178.0,121.382216,31.192902,110200.0
1649112,3178.0,121.7498,31.178603000000006,110200.0
1649113,3178.0,121.435199,31.195004,110200.0
1649114,3178.0,121.423978,31.219527000000006,110200.0
1649115,3178.0,121.192785,31.05196,110200.0
1649116,3178.0,121.481873,31.25067,110200.0
1649117,3178.0,121.462697,31.217614,110200.0
1649118,3178.0,121.509453,31.180505,110200.0
1649119,3178.0,121.420008,31.195929,110200.0
1649120,3178.0,121.445085,31.212704,110200.0
1649121,3178.0,121.459268,31.211067,110200.0
1649122,3178.0,121.475512,31.227263,110200.0
1649123,3178.0,121.578705,31.241558,110200.0
1649124,3178.0,121.485502,31.242374,110200.0
1649125,3178.0,121.398075,31.210558,110200.0
1649126,3178.0,121.454412,31.228986,110200.0
1649127,3178.0,121.502056,31.165888,110200.0
1649128,3178.0,121.485396,30.920778,110200.0
1649129,3178.0,121.335512,31.089219,110200.0
1649130,3178.0,121.212256,31.034893,110200.0
1649131,3178.0,121.495206,31.237881,110200.0
1649132,3178.0,121.502997,31.165216,110200.0
1649133,3178.0,121.44162,31.213613,110200.0
1649134,3178.0,121.416171,31.257651,110200.0
1649135,3178.0,121.484218,31.237569,110200.0
1649136,3178.0,121.344315,31.144505,110200.0
1649137,3178.0,121.463788,31.216855,110200.0
1649138,3178.0,121.462875,31.258737,110200.0
1649139,3178.0,121.488383,31.233677,110200.0
1649140,3178.0,121.446552,31.225731,110200.0
1649141,3178.0,121.48654,31.189523,110200.0
1649142,3178.0,121.441791,31.22708,110200.0
1649143,3178.0,121.394485,31.0877,110200.0
1649144,3178.0,121.533525,31.219278000000006,110200.0
1649145,3178.0,121.495608,31.238716,110200.0
1649146,3178.0,121.506822,31.306734,110200.0
1649147,3178.0,121.447846,31.219166,110200.0
1649148,3178.0,121.381129,31.193,110200.0
1649149,3178.0,121.44182,31.227039,110200.0
1649150,3178.0,121.478815,31.248084,110200.0
1649151,3178.0,121.494679,31.238764,110200.0
1649152,3178.0,121.490858,31.239349,110200.0
1649153,3178.0,121.373435,31.204111,110200.0
1649154,3178.0,121.415433,31.017934000000004,110200.0
1649155,3178.0,121.417225,31.281212,110200.0
1649156,3178.0,121.467607,31.246242,110200.0
1649157,3178.0,121.441851,31.226911,110200.0
1649158,3178.0,121.38281200000002,31.138239,110200.0
1649159,3178.0,121.398128,31.212665,110200.0
1649160,3178.0,121.5006,31.307341,110200.0
1649161,3178.0,121.447183,31.23048,110200.0
1649162,3178.0,121.397872,31.196386,110200.0
1649163,3178.0,121.46121399999998,31.205584,110200.0
1649164,3178.0,121.207235,31.042631,110200.0
1649165,3178.0,121.47723,31.275606,110200.0
1649166,3178.0,121.410857,31.189745,110200.0
1649167,3178.0,121.597049,31.207358000000006,110200.0
1649168,3178.0,121.460001,31.202502000000006,110200.0
1649169,3178.0,121.46346,31.223201,110200.0
1649170,3178.0,121.398624,31.199218,110200.0
1649171,3178.0,121.268219,31.171035,110200.0
1649172,3178.0,121.43511,31.208921000000004,110200.0
1649173,3178.0,121.259597,31.107941,110200.0
1649174,3178.0,121.444888,31.229166,110200.0
1649175,3178.0,121.382319,31.192924,110200.0
1649176,3178.0,121.473355,31.220532,110200.0
1649177,3178.0,121.441711,31.225261,110200.0
1649178,3178.0,121.522589,31.213945,110200.0
1649179,3178.0,121.414558,31.207923,110200.0
1649180,3178.0,121.367721,31.355623,110200.0
1649181,3178.0,121.553537,31.272996000000006,110200.0
1649182,3178.0,121.513442,31.304744,110200.0
1649183,3178.0,121.450807,31.229871000000006,110200.0
1649184,3178.0,121.396658,31.125939,110200.0
1649185,3178.0,121.435058,31.208887,110200.0
1649186,3178.0,121.380973,31.145165,110200.0
1649187,3178.0,121.463932,31.208689,110200.0
1649188,3178.0,121.453058,31.235794,110200.0
1649189,3178.0,121.431644,31.226783,110200.0
1649190,3178.0,121.559633,31.214352,110200.0
1649191,3178.0,121.67424,31.199304,110200.0
1649192,3178.0,121.470189,31.217212,110200.0
1649193,3178.0,121.496245,31.354732,110200.0
1649194,3178.0,121.370709,31.224563,110200.0
1649195,3178.0,121.477909,31.20472,110200.0
1649196,3178.0,121.435068,31.217106,110200.0
1649197,3178.0,121.50461,31.252628,110200.0
1649198,3178.0,121.447846,31.219166,110200.0
1649199,3178.0,121.467161,31.244735,110200.0
1649200,3178.0,121.37901399999998,31.24741,110200.0
1649201,3178.0,121.716677,31.057928000000004,110200.0
1649202,3178.0,121.439515,31.228466,110200.0
1649203,3178.0,121.565372,31.116204,110200.0
1649204,3178.0,121.478,31.281015000000004,110200.0
1649205,3178.0,121.456375,30.943962,110200.0
1649206,3178.0,121.432059,31.247958,110200.0
1649207,3178.0,121.591077,31.240209000000004,110200.0
1649208,3178.0,121.354891,31.225944,110200.0
1649209,3178.0,121.420342,31.114959,110200.0
1649210,3178.0,121.334255,30.71747,110200.0
1649211,3178.0,121.447975,31.218882,110200.0
1649212,3178.0,121.502601,31.220314,110200.0
1649213,3178.0,121.558104,31.231433000000006,110200.0
1649214,3178.0,121.391456,31.105672,110200.0
1649215,3178.0,121.472127,31.227533,110200.0
1649216,3178.0,121.185518,31.052879,110200.0
1649217,3178.0,121.44466,31.330967,110200.0
1649218,3178.0,121.667832,31.395481,110200.0
1649219,3178.0,121.10696000000002,31.150185,110200.0
1649220,3178.0,121.510484,31.213552000000004,110200.0
1649221,3178.0,121.439947,31.225782,110200.0
1649222,3178.0,121.500313,31.322277000000003,110200.0
1649223,3178.0,121.513673,31.231253,110200.0
1649224,3178.0,121.362315,31.219886,110200.0
1649225,3178.0,121.410501,31.199990000000003,110200.0
1649226,3178.0,121.311847,31.064043,110200.0
1649227,3178.0,121.34516200000002,31.106927,110200.0
1649228,3178.0,121.351547,31.229588,110200.0
1649229,3178.0,121.456757,31.275744,110200.0
1649230,3178.0,121.481026,31.240348,110200.0
1649231,3178.0,121.493047,31.304221,110200.0
1649232,3178.0,121.464127,31.233019,110200.0
1649233,3178.0,121.528487,31.294456,110200.0
1649234,3178.0,121.503735,30.839885,110200.0
1649235,3178.0,121.420625,31.208898,110200.0
1649236,3178.0,121.478002,31.204366,110200.0
1649237,3178.0,121.056219,31.078871000000003,110200.0
1649238,3178.0,121.454524,31.219171000000006,110200.0
1649239,3178.0,121.290673,31.166376,110200.0
1649240,3178.0,121.472758,31.23608,110200.0
1649241,3178.0,121.459785,31.265569,110200.0
1649242,3178.0,121.204897,31.050295,110200.0
1649243,3178.0,121.45475,30.915661,110200.0
1649244,3178.0,121.459765,31.233455,110200.0
1649245,3178.0,121.480535,31.234972,110200.0
1649246,3178.0,121.46643,31.203555,110200.0
1649247,3178.0,121.467677,31.244765,110200.0
1649248,3178.0,121.47957,31.208941,110200.0
1649249,3178.0,121.501544,31.221969,110200.0
1649250,3178.0,121.44511,31.213054,110200.0
1649251,3178.0,121.43698,31.284745,110200.0
1649252,3178.0,121.451877,31.206391,110200.0
1649253,3178.0,121.431581,31.323493,110200.0
1649254,3178.0,121.251769,31.385363,110200.0
1649255,3178.0,121.54668,31.227528000000003,110200.0
1649256,3178.0,121.389834,31.148401,110200.0
1649257,3178.0,121.393561,31.068509,110200.0
1649258,3178.0,121.311124,31.194511,110200.0
1649259,3178.0,121.48126200000002,31.201245,110200.0
1649260,3178.0,121.674823,31.242684000000004,110200.0
1649261,3178.0,121.462092,31.227624,110200.0
1649262,3178.0,121.427035,31.194632,110200.0
1649263,3178.0,121.470442,31.221981,110200.0
1649264,3178.0,121.463795,31.233012,110200.0
1649265,3178.0,121.390268,31.224512,110200.0
1649266,3178.0,121.445607,31.202532,110200.0
1649267,3178.0,121.393714,31.173413,110200.0
1649268,3178.0,121.108303,31.150747,110200.0
1649269,3178.0,121.575858,31.258340000000004,110200.0
1649270,3178.0,121.468836,31.225045,110200.0
1649271,3178.0,121.46867,31.217975,110200.0
1649272,3178.0,121.467651,31.246136,110200.0
1649273,3178.0,121.511404,31.224418,110200.0
1649274,3178.0,121.21782,31.011478000000004,110200.0
1649275,3178.0,121.469738,31.222756,110200.0
1649276,3178.0,121.513671,31.232516,110200.0
1649277,3178.0,121.372182,31.234236,110200.0
1649278,3178.0,121.253725,31.066092,110200.0
1649279,3178.0,121.399264,31.165898,110200.0
1649280,3178.0,121.459477,31.233127000000003,110200.0
1649281,3178.0,121.391766,31.363081,110200.0
1649282,3178.0,121.224754,31.152344,110200.0
1649283,3178.0,121.4765,31.203048,110200.0
1649284,3178.0,121.496602,31.237929,110200.0
1649285,3178.0,121.447364,31.222494,110200.0
1649286,3178.0,121.478899,31.238707,110200.0
1649287,3178.0,121.556174,31.249694,110200.0
1649288,3178.0,121.526079,31.184939,110200.0
1649289,3178.0,121.446151,31.222141,110200.0
1649290,3178.0,121.526773,31.304888,110200.0
1649291,3178.0,121.566772,31.151917,110200.0
1649292,3178.0,121.451727,31.205861,110200.0
1649293,3178.0,121.408692,31.232688,110200.0
1649294,3178.0,121.43791,31.190141,110200.0
1649295,3178.0,121.380214,31.251923,110200.0
1649296,3178.0,121.376899,31.173591,110200.0
1649297,3178.0,121.377631,31.1896,110200.0
1649298,3178.0,121.580129,31.266693,110200.0
1649299,3178.0,121.383855,31.216087,110200.0
1649300,3178.0,121.583921,31.314551,110200.0
1649301,3178.0,121.492702,31.30368,110200.0
1649302,3178.0,121.381793,31.322666,110200.0
1649303,3178.0,121.531135,31.30194,110200.0
1649304,3178.0,121.38383799999998,31.216885,110200.0
1649305,3178.0,121.466731,31.212165,110200.0
1649306,3178.0,121.502565,31.220315000000006,110200.0
1649307,3178.0,121.444824,31.34151,110200.0
1649308,3178.0,121.58278500000002,31.212989,110200.0
1649309,3178.0,121.437756,31.322802000000006,110200.0
1649310,3178.0,121.474387,31.200162,110200.0
1649311,3178.0,121.40764,31.269912,110200.0
1649312,3178.0,121.653783,31.143791,110200.0
1649313,3178.0,121.661659,31.137502,110200.0
1649314,3178.0,121.503151,31.17468,110200.0
1649315,3178.0,121.394966,31.262412,110200.0
1649316,3178.0,121.479719,31.401751,110200.0
1649317,3178.0,121.452547,31.231941,110200.0
1649318,3178.0,121.313375,30.884217,110200.0
1649319,3178.0,121.428749,31.019224,110200.0
1649320,3178.0,121.542656,31.20379,110200.0
1649321,3178.0,121.577025,31.235683,110200.0
1649322,3178.0,121.438968,31.183556,110200.0
1649323,3178.0,121.397301,31.079381,110200.0
1649324,3178.0,121.503114,31.236473,110200.0
1649325,3178.0,121.41791,31.217197,110200.0
1649326,3178.0,121.414156,31.23518,110200.0
1649327,3178.0,121.274778,31.332078000000006,110200.0
1649328,3178.0,121.398625,31.199434000000004,110200.0
1649329,3178.0,121.48281,31.243685,110200.0
1649330,3178.0,121.455562,31.209612,110200.0
1649331,3178.0,121.534401,31.219024,110200.0
1649332,3178.0,121.558107,31.216535,110200.0
1649333,3178.0,121.341798,31.146581,110200.0
1649334,3178.0,121.419,31.239322,110200.0
1649335,3178.0,121.444526,31.212727,110200.0
1649336,3178.0,121.472117,31.235929,110200.0
1649337,3178.0,121.364906,31.209618,110200.0
1649338,3178.0,121.453794,31.246321,110200.0
1649339,3178.0,121.438246,31.187083,110200.0
1649340,3178.0,121.475958,31.242918,110200.0
1649341,3178.0,121.442276,31.227566,110200.0
1649342,3178.0,121.443149,31.32551,110200.0
1649343,3178.0,121.381601,31.187999,110200.0
1649344,3178.0,121.472227,31.23503,110200.0
1649345,3178.0,121.377689,31.157822,110200.0
1649346,3178.0,121.307459,31.203245000000006,110200.0
1649347,3178.0,121.383845,31.216166,110200.0
1649348,3178.0,121.511706,31.224563,110200.0
1649349,3178.0,121.447047,31.235085,110200.0
1649350,3178.0,121.35175900000002,31.205799,110200.0
1649351,3178.0,121.444731,31.233859,110200.0
1649352,3178.0,121.376923,31.178403000000007,110200.0
1649353,3178.0,121.207204,31.280965,110200.0
1649354,3178.0,121.750951,31.047713,110200.0
1649355,3178.0,121.605864,31.259366,110200.0
1649356,3178.0,121.567357,31.161395,110200.0
1649357,3178.0,121.454803,31.230976,110200.0
1649358,3178.0,121.472569,31.223925,110200.0
1649359,3178.0,121.517529,30.841642,110200.0
1649360,3178.0,121.4134,31.238358,110200.0
1649361,3178.0,121.470131,31.2233,110200.0
1649362,3178.0,121.657046,31.141959000000003,110200.0
1649363,3178.0,121.65716,31.142569,110200.0
1649364,3178.0,121.658811,31.140655,110200.0
1649365,3178.0,121.495699,31.239426,110200.0
1649366,3178.0,121.459166,31.219894,110200.0
1649367,3178.0,121.315759,31.292934,110200.0
1649368,3178.0,121.355818,31.222528000000004,110200.0
1649369,3178.0,121.442383,31.224889,110200.0
1649370,3178.0,121.602374,31.264031,110200.0
1649371,3178.0,121.439474,31.228981,110200.0
1649372,3178.0,121.52087,31.230314,110200.0
1649373,3178.0,121.435159,31.194993,110200.0
1649374,3178.0,121.507441,31.263831,110200.0
1649375,3178.0,121.456223,31.215670000000006,110200.0
1649376,3178.0,121.484259,31.237561,110200.0
1649377,3178.0,121.381418,31.216572,110200.0
1649378,3178.0,121.444937,31.233203000000003,110200.0
1649379,3178.0,121.333782,30.756844,110200.0
1649380,3178.0,121.383357,31.193158,110200.0
1649381,3178.0,121.597724,31.205301,110200.0
1649382,3178.0,121.445158,31.2284,110200.0
1649383,3178.0,121.406731,31.10731,110200.0
1649384,3178.0,121.503013,31.305062,110200.0
1649385,3178.0,121.48308,31.235640000000004,110200.0
1649386,3178.0,121.505315,31.30536,110200.0
1649387,3178.0,121.503502,31.197354,110200.0
1649388,3178.0,121.465418,31.221031,110200.0
1649389,3178.0,121.550193,31.247362,110200.0
1649390,3178.0,121.897934,30.88342,110200.0
1649391,3178.0,121.302773,31.294285,110200.0
1649392,3178.0,121.467602,31.246376,110200.0
1649393,3178.0,121.326759,31.265498,110200.0
1649394,3178.0,121.231484,31.007776,110200.0
1649395,3178.0,121.619101,31.159077000000003,110200.0
1649396,3178.0,121.44388,31.227803,110200.0
1649397,3178.0,121.400421,31.213227000000003,110200.0
1649398,3178.0,121.43379,31.210168,110200.0
1649399,3178.0,121.529102,31.022357,110200.0
1649400,3178.0,121.381569,31.187962,110200.0
1649401,3178.0,121.430858,31.227041,110200.0
1649402,3178.0,121.45329,31.184902,110200.0
1649403,3178.0,121.558855,31.214691,110200.0
1649404,3178.0,121.472583,31.223744,110200.0
1649405,3178.0,121.36018500000002,31.171346000000003,110200.0
1649406,3178.0,121.228955,31.060618,110200.0
1649407,3178.0,121.44234,31.243613,110200.0
1649408,3178.0,121.532671,31.231222,110200.0
1649409,3178.0,121.229156,31.22996,110200.0
1649410,3178.0,121.383704,31.169959,110200.0
1649411,3178.0,121.158959,31.300208,110200.0
1649412,3178.0,121.372597,31.172279,110200.0
1649413,3178.0,121.446764,31.208049,110200.0
1649414,3178.0,121.564807,31.148965000000004,110200.0
1649415,3178.0,121.48648,31.214062,110200.0
1649416,3178.0,121.435198,31.195003000000003,110200.0
1649417,3178.0,121.31539,31.292567,110200.0
1649418,3178.0,121.419783,31.393409,110200.0
1649419,3178.0,121.457702,31.229644,110200.0
1649420,3178.0,121.494816,31.238848,110200.0
1649421,3178.0,121.465431,31.19713,110200.0
1649422,3178.0,121.438234,31.194591,110200.0
1649423,3178.0,121.519403,31.228797,110200.0
1649424,3178.0,121.452695,31.230812,110200.0
1649425,3178.0,121.436179,31.231,110200.0
1649426,3178.0,121.462738,31.219361,110200.0
1649427,3178.0,121.439504,31.171316,110200.0
1649428,3178.0,121.406907,31.107283,110200.0
1649429,3178.0,121.379196,31.217136,110200.0
1649430,3178.0,121.463516,31.223248,110200.0
1649431,3178.0,121.502963,31.305051,110200.0
1649432,3178.0,121.423697,31.220456,110200.0
1649433,3178.0,121.441806,31.227472,110200.0
1649434,3178.0,121.432859,31.198834,110200.0
1649435,3178.0,121.439986,31.169987,110200.0
1649436,3178.0,121.432324,31.196419,110200.0
1649437,3178.0,121.574915,31.258090000000006,110200.0
1649438,3178.0,121.467665,31.224994,110200.0
1649439,3178.0,121.429621,31.171023,110200.0
1649440,3178.0,121.468782,31.295552,110200.0
1649441,3178.0,121.438995,31.223927000000003,110200.0
1649442,3178.0,121.419092,31.239344,110200.0
1649443,3178.0,121.427064,31.218575,110200.0
1649444,3178.0,121.222526,31.009087,110200.0
1649445,3178.0,121.438584,31.202255,110200.0
1649446,3178.0,121.450421,31.232196,110200.0
1649447,3178.0,121.436302,31.338296000000003,110200.0
1649448,3178.0,121.457496,31.212142,110200.0
1649449,3178.0,121.383012,31.137756,110200.0
1649450,3178.0,121.441014,31.217629,110200.0
1649451,3178.0,121.382234,31.317055,110200.0
1649452,3178.0,121.45644,31.202924,110200.0
1649453,3178.0,121.417555,31.221684000000003,110200.0
1649454,3178.0,121.524632,31.21401,110200.0
1649455,3178.0,121.366426,31.348045000000006,110200.0
1649456,3178.0,121.434483,31.220737,110200.0
1649457,3178.0,121.382766,31.322912,110200.0
1649458,3178.0,121.388214,31.198292,110200.0
1649459,3178.0,121.439103,31.323724,110200.0
1649460,3178.0,121.393727,31.161397,110200.0
1649461,3178.0,121.447945,31.218891,110200.0
1649462,3178.0,121.369855,31.171989,110200.0
1649463,3178.0,121.389234,31.227751,110200.0
1649464,3178.0,121.471089,31.22336,110200.0
1649465,3178.0,121.20668899999998,31.040455,110200.0
1649466,3178.0,121.398758,31.199041,110200.0
1649467,3178.0,121.446994,31.234088,110200.0
1649468,3178.0,121.44383700000002,31.300498,110200.0
1649469,3178.0,121.42418,31.233626,110200.0
1649470,3178.0,121.455647,31.230667,110200.0
1649471,3178.0,121.395986,31.143175,110200.0
1649472,3178.0,121.605894,31.271392,110200.0
1649473,3178.0,121.469587,31.216467,110200.0
1649474,3178.0,121.406677,31.274618,110200.0
1649475,3178.0,121.387605,31.202611,110200.0
1649476,3178.0,121.453642,31.213012,110200.0
1649477,3178.0,121.456572,31.215896,110200.0
1649478,3178.0,121.57026,31.109962,110200.0
1649479,3178.0,121.212328,31.034706,110200.0
1649480,3178.0,121.48506,31.235066,110200.0
1649481,3178.0,121.22741,31.007918,110200.0
1649482,3178.0,121.532748,31.064071,110200.0
1649483,3178.0,121.731392,31.042781,110200.0
1649484,3178.0,121.203945,31.011377000000003,110200.0
1649485,3178.0,121.303679,31.211372,110200.0
1649486,3178.0,121.43907,31.282895,110200.0
1649487,3178.0,121.3973,31.10684,110200.0
1649488,3178.0,121.438526,31.194470000000006,110200.0
1649489,3178.0,121.353668,31.102268,110200.0
1649490,3178.0,121.501409,31.237294,110200.0
1649491,3178.0,121.293449,31.322402,110200.0
1649492,3178.0,121.381968,31.317115,110200.0
1649493,3178.0,121.47037,31.225079,110200.0
1649494,3178.0,121.290803,31.166359000000003,110200.0
1649495,3178.0,121.479075,30.916909000000004,110200.0
1649496,3178.0,121.455567,31.230718,110200.0
1649497,3178.0,121.510057,31.264046,110200.0
1649498,3178.0,121.45275,31.128254,110200.0
1649499,3178.0,121.408545,31.232717,110200.0
1649500,3178.0,121.42521,31.222565000000003,110200.0
1649501,3178.0,121.520865,31.295894,110200.0
1649502,3178.0,121.32537,31.146516,110200.0
1649503,3178.0,121.440367,31.344520000000006,110200.0
1649504,3178.0,121.578399,31.209232,110200.0
1649505,3178.0,121.45811,31.174662,110200.0
1649506,3178.0,121.420899,31.212315000000004,110200.0
1649507,3178.0,121.848776,30.86417,110200.0
1649508,3178.0,121.453532,31.214439,110200.0
1649509,3178.0,121.333084,31.166926,110200.0
1649510,3178.0,121.389154,31.192655,110200.0
1649511,3178.0,121.47846,30.918105,110200.0
1649512,3178.0,121.486518,31.163753000000003,110200.0
1649513,3178.0,121.397303,31.235618,110200.0
1649514,3178.0,121.577772,31.252249,110200.0
1649515,3178.0,121.381692,31.216439,110200.0
1649516,3178.0,121.51608,31.302177,110200.0
1649517,3178.0,121.474055,31.238136,110200.0
1649518,3178.0,121.464076,31.210137,110200.0
1649519,3178.0,121.331956,31.26061,110200.0
1649520,3178.0,121.397103,31.254509,110200.0
1649521,3178.0,121.452806,31.221122,110200.0
1649522,3178.0,121.390777,31.096624,110200.0
1649523,3178.0,121.472117,31.235929,110200.0
1649524,3178.0,121.504794,31.138947,110200.0
1649525,3178.0,121.457309,30.937276,110200.0
1649526,3178.0,121.379503,31.193173,110200.0
1649527,3178.0,121.406504,31.233311,110200.0
1649528,3178.0,121.49671,30.834277,110200.0
1649529,3178.0,121.453944,30.916912,110200.0
1649530,3178.0,121.485375,31.237371000000003,110200.0
1649531,3178.0,121.44181100000002,31.22745,110200.0
1649532,3178.0,121.504989,31.279403,110200.0
1649533,3178.0,121.547112,31.225642,110200.0
1649534,3178.0,121.507036,31.263867,110200.0
1649535,3178.0,121.486518,31.163753000000003,110200.0
1649536,3178.0,121.468999,31.225623,110200.0
1649537,3178.0,121.505297,31.306229,110200.0
1649538,3178.0,121.449062,31.229458,110200.0
1649539,3178.0,121.500334,31.321925,110200.0
1649540,3178.0,121.406715,31.214496,110200.0
1649541,3178.0,121.217575,31.069503000000005,110200.0
1649542,3178.0,121.500684,31.08421,110200.0
1649543,3178.0,121.252059,31.38246,110200.0
1649544,3178.0,121.406941,31.233856,110200.0
1649545,3178.0,121.315523,31.138540000000006,110200.0
1649546,3178.0,121.474873,31.231845,110200.0
1649547,3178.0,121.465606,31.219659000000004,110200.0
1649548,3178.0,121.806105,30.988167,110200.0
1649549,3178.0,121.439548,31.300390000000004,110200.0
1649550,3178.0,121.498674,31.253016,110200.0
1649551,3178.0,121.50705,31.306576,110200.0
1649552,3178.0,121.512262,31.27097,110200.0
1649553,3178.0,121.398977,31.196699,110200.0
1649554,3178.0,121.431951,31.234678,110200.0
1649555,3178.0,121.459482,31.233123,110200.0
1649556,3178.0,121.382755,31.216018,110200.0
1649557,3178.0,121.446632,31.233821,110200.0
1649558,3178.0,121.494807,31.229055,110200.0
1649559,3178.0,121.467602,31.246376,110200.0
1649560,3178.0,121.456223,31.215670000000006,110200.0
1649561,3178.0,121.456223,31.215670000000006,110200.0
1649562,3178.0,121.35278,31.071048,110200.0
1649563,3178.0,121.410347,31.209367,110200.0
1649564,3178.0,121.404974,31.210667,110200.0
1649565,3178.0,121.470528,31.222643,110200.0
1649566,3178.0,121.383845,31.216166,110200.0
1649567,3178.0,121.426412,31.220759,110200.0
1649568,3178.0,121.480972,31.401537,110200.0
1649569,3178.0,121.42505,31.214672,110200.0
1649570,3178.0,121.438619,31.235598,110200.0
1649571,3178.0,121.495619,31.381833,110200.0
1649572,3178.0,121.511668,31.303068,110200.0
1649573,3178.0,121.440559,31.210666,110200.0
1649574,3178.0,121.453107,31.21313,110200.0
1649575,3178.0,121.472649,31.27312,110200.0
1649576,3178.0,121.467777,31.245981,110200.0
1649577,3178.0,121.494275,31.229656,110200.0
1649578,3178.0,121.434715,31.233314,110200.0
1649579,3178.0,121.394385,31.621119,110200.0
1649580,3178.0,121.396073,31.159349,110200.0
1649581,3178.0,121.47644,31.233751,110200.0
1649582,3178.0,121.37895,31.193182,110200.0
1649583,3178.0,121.504543,31.298416,110200.0
1649584,3178.0,121.372897,31.234729,110200.0
1649585,3178.0,121.383357,31.193158,110200.0
1649586,3178.0,121.44205,31.253816,110200.0
1649587,3178.0,121.443735,31.232286,110200.0
1649588,3178.0,121.46121399999998,31.205584,110200.0
1649589,3178.0,121.52223,31.214162,110200.0
1649590,3178.0,121.525741,31.304272,110200.0
1649591,3178.0,121.433539,31.337101,110200.0
1649592,3178.0,121.439304,31.228689000000006,110200.0
1649593,3178.0,121.242721,31.061965,110200.0
1649594,3178.0,121.481479,31.293651,110200.0
1649595,3178.0,121.453976,31.299859,110200.0
1649596,3178.0,121.445842,31.239351,110200.0
1649597,3178.0,121.437412,31.191951,110200.0
1649598,3178.0,121.343928,31.174633,110200.0
1649599,3178.0,121.402611,31.208939,110200.0
1649600,3178.0,121.467149,31.244761,110200.0
1649601,3178.0,121.345776,31.099328000000003,110200.0
1649602,3178.0,121.407715,31.172272,110200.0
1649603,3178.0,121.438623,31.231972,110200.0
1649604,3178.0,121.44577,31.222171000000003,110200.0
1649605,3178.0,121.355788,31.220679,110200.0
1649606,3178.0,121.429751,31.019928000000004,110200.0
1649607,3178.0,121.466452,31.245124,110200.0
1649608,3178.0,121.472844,31.201039,110200.0
1649609,3178.0,121.47167,31.234578000000006,110200.0
1649610,3178.0,121.09646200000002,31.171953,110200.0
1649611,3178.0,121.47569,31.227233,110200.0
1649612,3178.0,121.451188,31.230059000000004,110200.0
1649613,3178.0,121.453424,31.246855,110200.0
1649614,3178.0,121.254169,31.354470000000006,110200.0
1649615,3178.0,121.352081,31.159547,110200.0
1649616,3178.0,121.302497,31.294492,110200.0
1649617,3178.0,121.46587,31.236965,110200.0
1649618,3178.0,121.21228,31.034768,110200.0
1649619,3178.0,121.453224,31.167148,110200.0
1649620,3178.0,121.281887,31.092594,110200.0
1649621,3178.0,121.442893,31.225027,110200.0
1649622,3178.0,121.419998,31.003479,110200.0
1649623,3178.0,121.453193,31.247001,110200.0
1649624,3178.0,121.446551,31.220866,110200.0
1649625,3178.0,121.422505,31.232329,110200.0
1649626,3178.0,121.372729,31.173677,110200.0
1649627,3178.0,121.47183,31.235825,110200.0
1649628,3178.0,121.437694,31.243355,110200.0
1649629,3178.0,121.44647,31.276252000000003,110200.0
1649630,3178.0,121.391498,31.231547,110200.0
1649631,3178.0,121.41998999999998,31.350419,110200.0
1649632,3178.0,121.436929,31.244603,110200.0
1649633,3178.0,121.388036,31.202001,110200.0
1649634,3178.0,121.412752,31.22148,110200.0
1649635,3178.0,121.485423,31.242301,110200.0
1649636,3178.0,121.382737,31.109232,110200.0
1649637,3178.0,121.484701,31.236919,110200.0
1649638,3178.0,121.557104,31.213042,110200.0
1649639,3178.0,121.506892,31.27915,110200.0
1649640,3178.0,121.473864,31.272823,110200.0
1649641,3178.0,121.541289,31.206854,110200.0
1649642,3178.0,121.422256,31.203953,110200.0
1649643,3178.0,121.350344,31.159007,110200.0
1649644,3178.0,121.42505,31.214672,110200.0
1649645,3178.0,121.441229,31.325579,110200.0
1649646,3178.0,121.442527,31.22666,110200.0
1649647,3178.0,121.451727,31.205861,110200.0
1649648,3178.0,121.471911,31.234495000000006,110200.0
1649649,3178.0,121.477414,31.264241,110200.0
1649650,3178.0,121.439562,31.228728000000004,110200.0
1649651,3178.0,121.227178,31.008058,110200.0
1649652,3178.0,121.408568,31.214858000000003,110200.0
1649653,3178.0,121.492751,31.230644,110200.0
1649654,3178.0,121.579043,31.20166,110200.0
1649655,3178.0,121.492743,31.230644,110200.0
1649656,3178.0,121.487092,31.234761,110200.0
1649657,3178.0,121.47045,31.219917,110200.0
1649658,3178.0,121.406641,31.107201,110200.0
1649659,3178.0,121.48307,31.219329,110200.0
1649660,3178.0,121.489018,31.249419,110200.0
1649661,3178.0,121.445485,31.235176,110200.0
1649662,3178.0,121.487219,31.234709,110200.0
1649663,3178.0,121.482247,31.233462,110200.0
1649664,3178.0,121.239505,31.060419,110200.0
1649665,3178.0,121.468419,31.236563,110200.0
1649666,3178.0,121.463516,31.223248,110200.0
1649667,3178.0,121.691071,31.187821000000003,110200.0
1649668,3178.0,121.454226,31.324801,110200.0
1649669,3178.0,121.43506200000002,31.345048,110200.0
1649670,3178.0,121.48506,31.235066,110200.0
1649671,3178.0,121.415676,31.244297,110200.0
1649672,3178.0,121.419202,31.209495,110200.0
1649673,3178.0,121.601007,31.31957,110200.0
1649674,3178.0,121.484503,31.21892,110200.0
1649675,3178.0,121.457699,31.176279,110200.0
1649676,3178.0,121.523132,31.231946,110200.0
1649677,3178.0,121.46725,31.244861,110200.0
1649678,3178.0,121.427218,31.219690000000003,110200.0
1649679,3178.0,121.378712,31.236695,110200.0
1649680,3178.0,121.430558,31.218106,110200.0
1649681,3178.0,121.130427,31.120204,110200.0
1649682,3178.0,121.47716,31.273906,110200.0
1649683,3178.0,121.513663,31.304131,110200.0
1649684,3178.0,121.433204,31.196769,110200.0
1649685,3178.0,121.420177,31.206799,110200.0
1649686,3178.0,121.42816,31.187343,110200.0
1649687,3178.0,121.452175,31.247032,110200.0
1649688,3178.0,121.40396,31.209055,110200.0
1649689,3178.0,121.343587,31.283319,110200.0
1649690,3178.0,121.052887,31.110251,110200.0
1649691,3178.0,121.4642,31.216991,110200.0
1649692,3178.0,121.392769,31.081947,110200.0
1649693,3178.0,121.207006,31.039893,110200.0
1649694,3178.0,121.447444,31.22843,110200.0
1649695,3178.0,121.487354,31.219272,110200.0
1649696,3178.0,121.346793,31.223985,110200.0
1649697,3178.0,121.523826,31.232729,110200.0
1649698,3178.0,121.453537,31.246467,110200.0
1649699,3178.0,121.445669,31.225778,110200.0
1649700,3178.0,121.210151,31.05159,110200.0
1649701,3178.0,121.497484,31.252006,110200.0
1649702,3178.0,121.442258,31.325076,110200.0
1649703,3178.0,121.344356,31.0941,110200.0
1649704,3178.0,121.47401,31.269137,110200.0
1649705,3178.0,121.42913,31.176095,110200.0
1649706,3178.0,121.804591,31.153161,110200.0
1649707,3178.0,121.827065,31.48692,110200.0
1649708,3178.0,121.454434,31.230274,110200.0
1649709,3178.0,121.576839,31.137392,110200.0
1649710,3178.0,121.435207,31.331414,110200.0
1649711,3178.0,121.468093,31.236128000000004,110200.0
1649712,3178.0,121.402228,31.128923,110200.0
1649713,3178.0,121.408074,31.234767,110200.0
1649714,3178.0,121.334594,31.166743,110200.0
1649715,3178.0,121.466791,31.22831,110200.0
1649716,3178.0,121.441108,31.339441,110200.0
1649717,3178.0,121.406211,31.229318,110200.0
1649718,3178.0,121.450362,31.246309000000004,110200.0
1649719,3178.0,121.448525,31.237086,110200.0
1649720,3178.0,121.387595,31.20278,110200.0
1649721,3178.0,121.434464,31.203693,110200.0
1649722,3178.0,121.443855,31.217842,110200.0
1649723,3178.0,121.589197,31.11722,110200.0
1649724,3178.0,121.452152,31.210148,110200.0
1649725,3178.0,121.463986,31.210462,110200.0
1649726,3178.0,121.556994,31.213036,110200.0
1649727,3178.0,121.388822,31.198473,110200.0
1649728,3178.0,121.433783,31.200675,110200.0
1649729,3178.0,121.486807,31.234472,110200.0
1649730,3178.0,121.387227,31.192121000000004,110200.0
1649731,3178.0,121.31562,31.309954,110200.0
1649732,3178.0,121.462823,31.321365000000004,110200.0
1649733,3178.0,121.478448,31.287419,110200.0
1649734,3178.0,121.547112,31.225642,110200.0
1649735,3178.0,121.479055,31.238613,110200.0
1649736,3178.0,121.500922,31.306163,110200.0
1649737,3178.0,121.546357,31.210344,110200.0
1649738,3178.0,121.43668999999998,31.257186,110200.0
1649739,3178.0,121.440604,31.204592,110200.0
1649740,3178.0,121.318907,31.241692,110200.0
1649741,3178.0,121.524126,31.242649,110200.0
1649742,3178.0,121.501976,31.304342,110200.0
1649743,3178.0,121.470883,31.221003000000003,110200.0
1649744,3178.0,121.441611,31.225863,110200.0
1649745,3178.0,121.658538,31.140658,110200.0
1649746,3178.0,121.479923,31.239669,110200.0
1649747,3178.0,121.597617,31.208212,110200.0
1649748,3178.0,121.453315,31.321094,110200.0
1649749,3178.0,121.43982,31.217239000000006,110200.0
1649750,3178.0,121.424821,31.203443,110200.0
1649751,3178.0,121.44061,31.040157,110200.0
1649752,3178.0,121.731392,31.042781,110200.0
1649753,3178.0,121.387087,31.174202,110200.0
1649754,3178.0,121.51878,30.839981,110200.0
1649755,3178.0,121.456738,31.275719,110200.0
1649756,3178.0,121.444744,31.225712,110200.0
1649757,3178.0,121.455325,31.261959,110200.0
1649758,3178.0,121.484701,31.236919,110200.0
1649759,3178.0,121.483628,31.240845,110200.0
1649760,3178.0,121.441219,31.325562,110200.0
1649761,3178.0,121.367876,31.171442,110200.0
1649762,3178.0,121.256219,31.345990000000004,110200.0
1649763,3178.0,121.333084,31.166926,110200.0
1649764,3178.0,121.466751,31.212285,110200.0
1649765,3178.0,121.512877,31.231544,110200.0
1649766,3178.0,121.492678,31.230811,110200.0
1649767,3178.0,121.466165,31.206824,110200.0
1649768,3178.0,121.517043,31.240227,110200.0
1649769,3178.0,121.48445,31.215068,110200.0
1649770,3178.0,121.346235,31.156988,110200.0
1649771,3178.0,121.513876,31.309503000000007,110200.0
1649772,3178.0,121.441084,31.339545,110200.0
1649773,3178.0,121.504818,31.304919,110200.0
1649774,3178.0,121.438933,31.224237,110200.0
1649775,3178.0,121.512901,31.231646,110200.0
1649776,3178.0,121.470441,31.223011,110200.0
1649777,3178.0,121.50869,31.304281,110200.0
1649778,3178.0,121.230121,31.230032,110200.0
1649779,3178.0,121.444987,31.235142,110200.0
1649780,3178.0,121.803875,31.500466,110200.0
1649781,3178.0,121.4854,31.333573,110200.0
1649782,3178.0,121.511186,30.908249,110200.0
1649783,3178.0,121.461704,31.227495,110200.0
1649784,3178.0,121.523827,31.232640000000004,110200.0
1649785,3178.0,121.391472,31.175095,110200.0
1649786,3178.0,121.556553,31.257081,110200.0
1649787,3178.0,121.565995,31.11953,110200.0
1649788,3178.0,121.679384,31.268564,110200.0
1649789,3178.0,121.44666200000002,31.222278000000006,110200.0
1649790,3178.0,121.576715,31.137398,110200.0
1649791,3178.0,121.355635,31.221889,110200.0
1649792,3178.0,121.350344,31.159007,110200.0
1649793,3178.0,121.493387,31.267193,110200.0
1649794,3178.0,121.48077,30.918972,110200.0
1649795,3178.0,121.454378,31.219292,110200.0
1649796,3178.0,121.390297,31.224841,110200.0
1649797,3178.0,121.513874,31.304549,110200.0
1649798,3178.0,121.535289,31.175465000000006,110200.0
1649799,3178.0,121.503645,31.30556,110200.0
1649800,3178.0,121.487563,31.189954,110200.0
1649801,3178.0,121.591824,31.035667,110200.0
1649802,3178.0,121.89771299999998,30.88297,110200.0
1649803,3178.0,121.453201,31.212390000000006,110200.0
1649804,3178.0,121.583884,31.340921,110200.0
1649805,3178.0,121.466982,31.206189,110200.0
1649806,3178.0,121.453217,31.299933000000006,110200.0
1649807,3178.0,121.452518,31.215156,110200.0
1649808,3178.0,121.485466,31.238674,110200.0
1649809,3178.0,121.487584,31.189946000000006,110200.0
1649810,3178.0,121.408131,31.233606,110200.0
1649811,3178.0,121.159946,30.899140000000006,110200.0
1649812,3178.0,121.408131,31.233607,110200.0
1649813,3178.0,121.373712,31.234096,110200.0
1649814,3178.0,121.149147,31.302203,110200.0
1649815,3178.0,121.434456,31.193962,110200.0
1649816,3178.0,121.612889,31.140505,110200.0
1649817,3178.0,121.303615,31.016465000000004,110200.0
1649818,3178.0,121.435208,31.207238,110200.0
1649819,3178.0,121.52223,31.214162,110200.0
1649820,3178.0,121.3948,31.634053,110200.0
1649821,3178.0,121.603659,31.270846,110200.0
1649822,3178.0,121.463084,31.21941,110200.0
1649823,3178.0,121.40908600000002,31.214575,110200.0
1649824,3178.0,121.433837,31.192683,110200.0
1649825,3178.0,121.694621,31.190631,110200.0
1649826,3178.0,121.419237,31.211315000000006,110200.0
1649827,3178.0,121.485711,31.254345,110200.0
1649828,3178.0,121.419117,31.205769,110200.0
1649829,3178.0,121.408131,31.233607,110200.0
1649830,3178.0,121.43891200000002,31.3816,110200.0
1649831,3178.0,121.456659,31.207982,110200.0
1649832,3178.0,121.410302,31.202394,110200.0
1649833,3178.0,121.48397,31.322537,110200.0
1649834,3178.0,121.46299,31.237452,110200.0
1649835,3178.0,121.364906,31.209618,110200.0
1649836,3178.0,121.770263,31.051055,110200.0
1649837,3178.0,121.481065,31.240109000000004,110200.0
1649838,3178.0,121.529478,31.244490000000006,110200.0
1649839,3178.0,121.445025,31.210444,110200.0
1649840,3178.0,121.382251,31.109166,110200.0
1649841,3178.0,121.511706,31.224563,110200.0
1649842,3178.0,121.43993,31.324834000000006,110200.0
1649843,3178.0,121.479646,31.239687,110200.0
1649844,3178.0,121.455183,31.230922,110200.0
1649845,3178.0,121.403788,31.208837,110200.0
1649846,3178.0,121.704147,31.156615,110200.0
1649847,3178.0,121.501389,31.320207,110200.0
1649848,3178.0,121.339482,30.728185,110200.0
1649849,3178.0,121.242369,31.038307,110200.0
1649850,3178.0,121.629388,31.218766,110200.0
1649851,3178.0,121.625925,31.316893,110200.0
1649852,3178.0,121.537026,31.243847,110200.0
1649853,3178.0,121.481632,30.918535,110200.0
1649854,3178.0,121.453306,31.034448,110200.0
1649855,3178.0,121.461655,31.202416,110200.0
1649856,3178.0,121.485743,31.313901,110200.0
1649857,3178.0,121.550998,31.255371000000004,110200.0
1649858,3178.0,121.346235,31.156988,110200.0
1649859,3178.0,121.470274,31.237031,110200.0
1649860,3178.0,121.703595,31.186678000000004,110200.0
1649861,3178.0,121.43261499999998,31.185024,110200.0
1649862,3178.0,121.628764,31.201421000000003,110200.0
1649863,3178.0,121.406442,31.272628000000005,110200.0
1649864,3178.0,121.450944,31.246047,110200.0
1649865,3178.0,121.447524,31.150052,110200.0
1649866,3178.0,121.494356,31.265408,110200.0
1649867,3178.0,121.383284,31.193299,110200.0
1649868,3178.0,121.7498,31.178603000000006,110200.0
1649869,3178.0,121.409111,31.214563,110200.0
1649870,3178.0,121.913404,30.886317,110200.0
1649871,3178.0,121.486457,31.264468,110200.0
1649872,3178.0,121.407723,31.172197,110200.0
1649873,3178.0,121.469761,31.217052,110200.0
1649874,3178.0,121.466421,31.203509000000004,110200.0
1649875,3178.0,121.469223,31.237528,110200.0
1649876,3178.0,121.48776,31.188672,110200.0
1649877,3178.0,121.502995,31.292739,110200.0
1649878,3178.0,121.501521,31.221869,110200.0
1649879,3178.0,121.468043,31.208045,110200.0
1649880,3178.0,121.497498,31.240519,110200.0
1649881,3178.0,121.495652,31.239399,110200.0
1649882,3178.0,121.43896200000002,31.192493,110200.0
1649883,3178.0,121.47322,31.223512,110200.0
1649884,3178.0,121.494792,31.266140000000004,110200.0
1649885,3178.0,121.43881,31.183822,110200.0
1649886,3178.0,121.438006,31.187652000000003,110200.0
1649887,3178.0,121.52722,31.270095,110200.0
1649888,3178.0,121.238273,31.348483,110200.0
1649889,3178.0,121.583252,31.274156,110200.0
1649890,3178.0,121.43881,31.183822,110200.0
1649891,3178.0,121.346235,31.156988,110200.0
1649892,3178.0,121.431413,31.245076,110200.0
1649893,3178.0,121.396542,31.208301,110200.0
1649894,3178.0,121.464242,31.222924,110200.0
1649895,3178.0,121.309019,31.19528,110200.0
1649896,3178.0,121.384321,31.105877000000003,110200.0
1649897,3178.0,121.450758,31.207384,110200.0
1649898,3178.0,121.443709,31.325854,110200.0
1649899,3178.0,121.394669,31.159252,110200.0
1649900,3178.0,121.439351,31.224585,110200.0
1649901,3178.0,121.503944,30.839627,110200.0
1649902,3178.0,121.582427,31.243781,110200.0
1649903,3178.0,121.346235,31.156988,110200.0
1649904,3178.0,121.46346,31.223201,110200.0
1649905,3178.0,121.776586,31.040019,110200.0
1649906,3178.0,121.590829,31.113392,110200.0
1649907,3178.0,121.200271,31.418059000000003,110200.0
1649908,3178.0,121.418339,31.333155,110200.0
1649909,3178.0,121.397934,31.211444,110200.0
1649910,3178.0,121.473082,31.209584000000003,110200.0
1649911,3178.0,121.688105,31.19299,110200.0
1649912,3178.0,121.245225,31.38614,110200.0
1649913,3178.0,121.735598,31.055202,110200.0
1649914,3178.0,121.513904,31.310984,110200.0
1649915,3178.0,121.44145,31.338982,110200.0
1649916,3178.0,121.489504,31.180782,110200.0
1649917,3178.0,121.514739,31.23119,110200.0
1649918,3178.0,121.459443,31.128104,110200.0
1649919,3178.0,121.576289,31.13737,110200.0
1649920,3178.0,121.394551,31.15906,110200.0
1649921,3178.0,121.38308,31.193143,110200.0
1649922,3178.0,121.486209,31.236758,110200.0
1649923,3178.0,121.381406,31.217347,110200.0
1649924,3178.0,121.629248,31.225249,110200.0
1649925,3178.0,121.452637,31.188056,110200.0
1649926,3178.0,121.422257,31.208691,110200.0
1649927,3178.0,121.437368,31.239522,110200.0
1649928,3178.0,121.484368,31.238534,110200.0
1649929,3178.0,121.421143,31.333657,110200.0
1649930,3178.0,121.436109,31.243578000000007,110200.0
1649931,3178.0,121.753657,31.05554,110200.0
1649932,3178.0,121.500858,31.322371,110200.0
1649933,3178.0,121.237358,31.060041,110200.0
1649934,3178.0,121.480791,30.918711,110200.0
1649935,3178.0,121.506191,31.308351,110200.0
1649936,3178.0,121.468679,31.272209000000004,110200.0
1649937,3178.0,121.704592,31.156173,110200.0
1649938,3178.0,121.602148,31.180715000000006,110200.0
1649939,3178.0,121.440676,31.171114000000006,110200.0
1649940,3178.0,121.39436299999998,31.167355,110200.0
1649941,3178.0,121.500097,31.0961,110200.0
1649942,3178.0,121.499377,31.181335,110200.0
1649943,3178.0,121.474932,31.230873,110200.0
1649944,3178.0,121.470501,31.224477,110200.0
1649945,3178.0,121.687274,31.191599,110200.0
1649946,3178.0,121.485657,31.235975,110200.0
1649947,3178.0,121.515644,31.22826,110200.0
1649948,3178.0,121.777436,31.047992,110200.0
1649949,3178.0,121.49683799999998,31.237887,110200.0
1649950,3178.0,121.494895,31.266695,110200.0
1649951,3178.0,121.60643600000002,31.256348,110200.0
1649952,3178.0,121.192635,31.018779,110200.0
1649953,3178.0,121.308043,31.192609,110200.0
1649954,3178.0,121.442446,31.3256,110200.0
1649955,3178.0,121.515464,31.210605,110200.0
1649956,3178.0,121.43974,31.217155,110200.0
1649957,3178.0,121.396619,31.211457,110200.0
1649958,3178.0,121.47583,31.341447,110200.0
1649959,3178.0,121.505297,31.306229,110200.0
1649960,3178.0,121.503856,30.829802,110200.0
1649961,3178.0,121.440689,31.197111,110200.0
1649962,3178.0,121.519713,31.229135,110200.0
1649963,3178.0,121.321703,31.141039000000006,110200.0
1649964,3178.0,121.700081,31.196606,110200.0
1649965,3178.0,121.467413,31.246329,110200.0
1649966,3178.0,121.59823,31.206202,110200.0
1649967,3178.0,121.569248,31.152559000000004,110200.0
1649968,3178.0,121.438928,31.194684,110200.0
1649969,3178.0,121.376677,31.233681,110200.0
1649970,3178.0,121.402803,31.212182,110200.0
1649971,3178.0,121.402445,31.207662,110200.0
1649972,3178.0,121.464864,31.217223,110200.0
1649973,3178.0,121.438022,31.190495,110200.0
1649974,3178.0,121.503348,31.218997,110200.0
1649975,3178.0,121.346235,31.156988,110200.0
1649976,3178.0,121.384141,31.207775,110200.0
1649977,3178.0,121.515043,31.276205,110200.0
1649978,3178.0,121.453001,31.186417,110200.0
1649979,3178.0,121.491349,30.960155,110200.0
1649980,3178.0,121.447145,31.230244,110200.0
1649981,3178.0,121.424569,31.215529,110200.0
1649982,3178.0,121.388003,31.202634000000003,110200.0
1649983,3178.0,121.439285,31.22863,110200.0
1649984,3178.0,121.51153,31.303526,110200.0
1649985,3178.0,121.39795,31.211505,110200.0
1649986,3178.0,121.53118899999998,31.291176,110200.0
1649987,3178.0,121.411416,31.222078000000003,110200.0
1649988,3178.0,121.504093,30.830003,110200.0
1649989,3178.0,121.486477,31.235905,110200.0
1649990,3178.0,121.734278,31.041519,110200.0
1649991,3178.0,121.446825,31.342816,110200.0
1649992,3178.0,121.410261,31.171915,110200.0
1649993,3178.0,121.54668,31.227528000000003,110200.0
1649994,3178.0,121.210505,31.051667,110200.0
1649995,3178.0,121.381037,31.199004,110200.0
1649996,3178.0,121.466552,31.21,110200.0
1649997,3178.0,121.464048,31.208926,110200.0
1649998,3178.0,121.433795,31.197289,110200.0
1649999,3178.0,121.51256,31.23046,110200.0
1650000,3178.0,121.422257,31.208691,110200.0
1650001,3178.0,121.444305,31.209466,110200.0
1650002,3178.0,121.600933,31.263673,110200.0
1650003,3178.0,121.494638,31.334867,110200.0
1650004,3178.0,121.500496,31.279436,110200.0
1650005,3178.0,121.413226,31.221226,110200.0
1650006,3178.0,121.51256,31.23046,110200.0
1650007,3178.0,121.441806,31.227472,110200.0
1650008,3178.0,121.42691,31.264201,110200.0
1650009,3178.0,121.381506,31.216431,110200.0
1650010,3178.0,121.441057,31.337999,110200.0
1650011,3178.0,121.534832,31.314348,110200.0
1650012,3178.0,121.49486,31.303807,110200.0
1650013,3178.0,121.394319,31.274140000000006,110200.0
1650014,3178.0,121.349853,31.227223,110200.0
1650015,3178.0,121.424646,31.214794,110200.0
1650016,3178.0,121.469878,31.230299,110200.0
1650017,3178.0,121.464222,31.209717,110200.0
1650018,3178.0,121.511693,31.224579,110200.0
1650019,3178.0,121.441043,31.226145,110200.0
1650020,3178.0,121.479245,31.214513,110200.0
1650021,3178.0,121.007398,30.925521000000003,110200.0
1650022,3178.0,121.473197,31.272375,110200.0
1650023,3178.0,121.430753,31.218366,110200.0
1650024,3178.0,121.66785,31.292373,110200.0
1650025,3178.0,121.411559,31.174138,110200.0
1650026,3178.0,121.384075,31.215916,110200.0
1650027,3178.0,121.483994,31.211398,110200.0
1650028,3178.0,121.493624,31.238585,110200.0
1650029,3178.0,121.503563,31.275175,110200.0
1650030,3178.0,121.51242,31.225071000000003,110200.0
1650031,3178.0,121.445607,31.202532,110200.0
1650032,3178.0,121.370714,31.274079,110200.0
1650033,3178.0,121.491772,31.263378000000003,110200.0
1650034,3178.0,121.489072,31.25196,110200.0
1650035,3178.0,121.483071,31.231315,110200.0
1650036,3178.0,121.444807,31.229279,110200.0
1650037,3178.0,121.513863,31.217425,110200.0
1650038,3178.0,121.503355,31.236851,110200.0
1650039,3178.0,121.503355,31.236851,110200.0
1650040,3178.0,121.492681,31.237275,110200.0
1650041,3178.0,121.501185,31.222202000000006,110200.0
1650042,3178.0,121.400879,31.165732,110200.0
1650043,3178.0,121.488384,31.233673,110200.0
1650044,3178.0,121.468688,31.238376,110200.0
1650045,3178.0,121.24884,31.385276,110200.0
1650046,3178.0,121.525984,31.224039,110200.0
1650047,3178.0,121.559096,31.215062,110200.0
1650048,3178.0,121.475132,31.28166,110200.0
1650049,3178.0,121.462192,31.244715000000006,110200.0
1650050,3178.0,121.537468,31.267399,110200.0
1650051,3178.0,121.439596,31.221198,110200.0
1650052,3178.0,121.47933799999998,30.917941,110200.0
1650053,3178.0,121.38813600000002,31.21738,110200.0
1650054,3178.0,121.404151,31.089798,110200.0
1650055,3178.0,121.401309,31.133018,110200.0
1650056,3178.0,121.463064,31.210421000000004,110200.0
1650057,3178.0,121.383507,31.193128,110200.0
