GPSX,GPSY,geometry
121.504204,31.232218,POINT (121.504204 31.232218)
121.495457,31.261508000000006,POINT (121.495457 31.26150800000001)
121.486214,31.246454,POINT (121.486214 31.246454)
121.451961,31.221615000000003,POINT (121.451961 31.221615)
121.373643,31.110046,POINT (121.373643 31.110046)
121.47003,31.216821000000003,POINT (121.47003 31.216821)
121.487283,31.247887,POINT (121.487283 31.247887)
121.488539,31.233635,POINT (121.488539 31.233635)
121.493787,31.238517,POINT (121.493787 31.238517)
121.378681,31.19601,POINT (121.378681 31.19601)
121.435818,31.260095,POINT (121.435818 31.260095)
121.440141,31.232383,POINT (121.440141 31.232383)
121.390531,31.225054,POINT (121.390531 31.225054)
121.46263799999998,31.274798,POINT (121.462638 31.274798)
121.511593,31.231831,POINT (121.511593 31.231831)
121.486234,31.236434000000006,POINT (121.486234 31.23643400000001)
121.469924,31.217045,POINT (121.469924 31.217045)
121.493958,31.238166,POINT (121.493958 31.238166)
121.40272,31.207536,POINT (121.40272 31.207536)
121.49288500000002,31.242878,POINT (121.492885 31.242878)
121.464492,31.233325,POINT (121.464492 31.233325)
121.468447,31.194071,POINT (121.468447 31.194071)
121.339418,31.080357,POINT (121.339418 31.080357)
121.486466,31.235776,POINT (121.486466 31.235776)
121.449054,31.229606,POINT (121.449054 31.229606)
121.537131,31.217908,POINT (121.537131 31.217908)
121.557485,31.212045,POINT (121.557485 31.212045)
121.212212,31.289261,POINT (121.212212 31.289261)
121.484757,31.251014,POINT (121.484757 31.251014)
121.490416,31.404229,POINT (121.490416 31.404229)
121.447393,31.210268,POINT (121.447393 31.210268)
121.390265,31.190168,POINT (121.390265 31.190168)
121.464483,31.233313,POINT (121.464483 31.233313)
121.476112,31.225690000000004,POINT (121.476112 31.22569)
121.398187,31.199723,POINT (121.398187 31.199723)
121.461951,31.246445,POINT (121.461951 31.246445)
121.424996,31.229721,POINT (121.424996 31.229721)
121.278109,31.209976,POINT (121.278109 31.209976)
121.49601,31.236063,POINT (121.49601 31.236063)
121.398476,31.199738,POINT (121.398476 31.199738)
121.490289,31.247609000000004,POINT (121.490289 31.247609)
121.157981,31.291703,POINT (121.157981 31.291703)
121.469694,31.224646000000003,POINT (121.469694 31.224646)
121.382745,31.189417,POINT (121.382745 31.189417)
121.453983,31.212844,POINT (121.453983 31.212844)
121.526928,31.219534000000003,POINT (121.526928 31.219534)
121.477167,31.233809,POINT (121.477167 31.233809)
121.495606,31.228275,POINT (121.495606 31.228275)
121.437806,31.193952000000003,POINT (121.437806 31.193952)
121.512611,31.211647,POINT (121.512611 31.211647)
121.454091,30.906559,POINT (121.454091 30.906559)
121.452092,31.247056,POINT (121.452092 31.247056)
121.581581,31.202411,POINT (121.581581 31.202411)
121.595817,31.254708,POINT (121.595817 31.254708)
121.347235,30.731594,POINT (121.347235 30.731594)
121.428516,31.239040000000006,POINT (121.428516 31.23904000000001)
121.335123,31.089206,POINT (121.335123 31.089206)
121.502141,31.251828000000003,POINT (121.502141 31.251828)
121.441867,31.206808,POINT (121.441867 31.206808)
121.490932,31.175434000000006,POINT (121.490932 31.17543400000001)
121.570992,31.2337,POINT (121.570992 31.2337)
121.478004,31.228209000000003,POINT (121.478004 31.228209)
121.468246,31.233117,POINT (121.468246 31.233117)
121.502776,31.174153000000004,POINT (121.502776 31.174153)
121.441583,31.223475,POINT (121.441583 31.223475)
121.483728,31.241373,POINT (121.483728 31.241373)
121.48871,31.247377,POINT (121.48871 31.247377)
121.524055,31.22601,POINT (121.524055 31.22601)
121.450222,31.218317,POINT (121.450222 31.218317)
121.498909,31.240509000000007,POINT (121.498909 31.24050900000001)
121.480202,31.234229,POINT (121.480202 31.234229)
121.471641,31.236367,POINT (121.471641 31.236367)
121.466392,31.233026,POINT (121.466392 31.233026)
121.48871,31.247377,POINT (121.48871 31.247377)
121.457257,31.220683,POINT (121.457257 31.220683)
121.519252,31.229829,POINT (121.519252 31.229829)
121.559714,31.21442,POINT (121.559714 31.21442)
121.43399,31.197045000000006,POINT (121.43399 31.19704500000001)
121.42878,31.239833,POINT (121.42878 31.239833)
121.376306,31.245857,POINT (121.376306 31.245857)
121.580875,31.202706,POINT (121.580875 31.202706)
121.216565,31.039401,POINT (121.216565 31.039401)
121.502983,31.242222,POINT (121.502983 31.242222)
121.486442,31.264518,POINT (121.486442 31.264518)
121.44917,31.212399,POINT (121.44917 31.212399)
121.570622,31.237838,POINT (121.570622 31.237838)
121.463343,31.210319,POINT (121.463343 31.210319)
121.432712,31.207012,POINT (121.432712 31.207012)
121.484596,31.2435,POINT (121.484596 31.2435)
121.468368,31.193799,POINT (121.468368 31.193799)
121.578911,31.244388,POINT (121.578911 31.244388)
121.448566,31.237238,POINT (121.448566 31.237238)
121.557877,31.210728000000003,POINT (121.557877 31.210728)
121.464025,31.2096,POINT (121.464025 31.2096)
121.440278,31.328379,POINT (121.440278 31.328379)
121.444033,31.234239,POINT (121.444033 31.234239)
121.475898,31.226196,POINT (121.475898 31.226196)
121.520376,31.241518,POINT (121.520376 31.241518)
121.533509,31.285666,POINT (121.533509 31.285666)
121.458699,31.256452000000003,POINT (121.458699 31.256452)
121.400382,31.207181,POINT (121.400382 31.207181)
121.46871000000002,31.223991,POINT (121.46871 31.223991)
121.495455,31.282791,POINT (121.495455 31.282791)
121.200982,31.097306,POINT (121.200982 31.097306)
121.451153,31.217855,POINT (121.451153 31.217855)
121.438536,31.230081,POINT (121.438536 31.230081)
121.498314,31.24032,POINT (121.498314 31.24032)
121.52413,31.218654,POINT (121.52413 31.218654)
121.450859,31.229717,POINT (121.450859 31.229717)
121.460085,31.227424,POINT (121.460085 31.227424)
121.216634,31.039379,POINT (121.216634 31.039379)
121.487307,31.190135,POINT (121.487307 31.190135)
121.484603,31.238615000000006,POINT (121.484603 31.23861500000001)
121.44618,31.216462,POINT (121.44618 31.216462)
121.555894,31.229641,POINT (121.555894 31.229641)
121.46643,31.203555,POINT (121.46643 31.203555)
121.446579,31.221236,POINT (121.446579 31.221236)
121.446882,31.195714,POINT (121.446882 31.195714)
121.442458,31.30993,POINT (121.442458 31.30993)
121.484986,31.240999,POINT (121.484986 31.240999)
121.485832,31.257838,POINT (121.485832 31.257838)
121.487538,31.256488,POINT (121.487538 31.256488)
121.43148,31.323652000000006,POINT (121.43148 31.32365200000001)
121.458331,31.224996,POINT (121.458331 31.224996)
121.382257,31.108887,POINT (121.382257 31.108887)
121.587065,31.245246,POINT (121.587065 31.245246)
121.484489,31.263716,POINT (121.484489 31.263716)
121.448276,31.219519,POINT (121.448276 31.219519)
121.452698,31.214027,POINT (121.452698 31.214027)
121.512534,31.230371,POINT (121.512534 31.230371)
121.588185,31.24453,POINT (121.588185 31.24453)
121.501079,31.22219,POINT (121.501079 31.22219)
121.476719,31.267476,POINT (121.476719 31.267476)
121.48715,31.188842,POINT (121.48715 31.188842)
121.465607,31.219659000000004,POINT (121.465607 31.219659)
121.486234,31.236434000000006,POINT (121.486234 31.23643400000001)
121.55755,31.212214000000003,POINT (121.55755 31.212214)
121.426576,31.219948,POINT (121.426576 31.219948)
121.510474,31.229008,POINT (121.510474 31.229008)
121.592727,31.249462,POINT (121.592727 31.249462)
121.230536,31.007664,POINT (121.230536 31.007664)
121.421436,31.18399,POINT (121.421436 31.18399)
121.445717,31.221634,POINT (121.445717 31.221634)
121.451457,31.216466,POINT (121.451457 31.216466)
121.446618,31.235876,POINT (121.446618 31.235876)
121.24076,31.386603000000004,POINT (121.24076 31.386603)
121.447808,31.228679,POINT (121.447808 31.228679)
121.442527,31.22666,POINT (121.442527 31.22666)
121.468451,31.204126,POINT (121.468451 31.204126)
121.79486,31.16281,POINT (121.79486 31.16281)
121.47008999999998,31.21972,POINT (121.47009 31.21972)
121.578661,31.242227000000003,POINT (121.578661 31.242227)
121.475012,31.230876,POINT (121.475012 31.230876)
121.484596,31.2435,POINT (121.484596 31.2435)
121.387089,31.182811,POINT (121.387089 31.182811)
121.426532,31.186378,POINT (121.426532 31.186378)
121.425699,31.270805,POINT (121.425699 31.270805)
121.474031,31.232163,POINT (121.474031 31.232163)
121.501102,31.304017,POINT (121.501102 31.304017)
121.40071100000002,31.206753000000006,POINT (121.400711 31.20675300000001)
121.338555,30.966175,POINT (121.338555 30.966175)
121.531172,31.230457,POINT (121.531172 31.230457)
121.47021399999998,31.225663,POINT (121.470214 31.225663)
121.112658,31.151189,POINT (121.112658 31.151189)
121.46342,31.232724,POINT (121.46342 31.232724)
121.38416200000002,31.193413,POINT (121.384162 31.193413)
121.401545,31.206740000000003,POINT (121.401545 31.20674)
121.504631,31.29912,POINT (121.504631 31.29912)
121.433783,31.2007,POINT (121.433783 31.2007)
121.442403,31.216556,POINT (121.442403 31.216556)
121.58392,31.340791,POINT (121.58392 31.340791)
121.484157,31.215343,POINT (121.484157 31.215343)
121.417663,31.286129,POINT (121.417663 31.286129)
121.485339,31.235549,POINT (121.485339 31.235549)
121.447778,31.275786,POINT (121.447778 31.275786)
121.42473400000002,31.20658,POINT (121.424734 31.20658)
121.391892,31.208242,POINT (121.391892 31.208242)
121.516855,30.816958000000003,POINT (121.516855 30.816958)
121.453861,31.218093,POINT (121.453861 31.218093)
121.443418,31.225078000000003,POINT (121.443418 31.225078)
121.503017,31.268355,POINT (121.503017 31.268355)
121.461541,31.220651,POINT (121.461541 31.220651)
121.381711,31.188064,POINT (121.381711 31.188064)
121.43769,31.190549,POINT (121.43769 31.190549)
121.439285,31.22863,POINT (121.439285 31.22863)
121.430028,31.205667,POINT (121.430028 31.205667)
121.450694,31.219828000000003,POINT (121.450694 31.219828)
121.445041,31.2103,POINT (121.445041 31.2103)
121.213259,31.266647,POINT (121.213259 31.266647)
121.48976,31.303253,POINT (121.48976 31.303253)
121.438203,31.225239,POINT (121.438203 31.225239)
121.380526,31.346644,POINT (121.380526 31.346644)
121.473547,31.207708,POINT (121.473547 31.207708)
121.286815,31.170977,POINT (121.286815 31.170977)
121.512702,31.300603,POINT (121.512702 31.300603)
121.493904,31.243467,POINT (121.493904 31.243467)
121.484947,31.235029,POINT (121.484947 31.235029)
121.507537,31.263306,POINT (121.507537 31.263306)
121.47248700000002,31.236503000000006,POINT (121.472487 31.23650300000001)
121.459685,31.214767,POINT (121.459685 31.214767)
121.477804,31.242402,POINT (121.477804 31.242402)
121.35652,31.141711,POINT (121.35652 31.141711)
121.452797,31.187758,POINT (121.452797 31.187758)
121.539425,31.220433,POINT (121.539425 31.220433)
121.388977,31.198073,POINT (121.388977 31.198073)
121.372696,31.194392,POINT (121.372696 31.194392)
121.514103,31.227524,POINT (121.514103 31.227524)
121.44308,31.226531,POINT (121.44308 31.226531)
121.499733,31.244505,POINT (121.499733 31.244505)
121.469283,31.225297,POINT (121.469283 31.225297)
121.557682,31.192367,POINT (121.557682 31.192367)
121.391317,31.223263,POINT (121.391317 31.223263)
121.38416,31.193097,POINT (121.38416 31.193097)
121.250708,31.383983,POINT (121.250708 31.383983)
121.44231299999998,31.22265,POINT (121.442313 31.22265)
121.507049,31.263774,POINT (121.507049 31.263774)
121.445142,31.225134000000004,POINT (121.445142 31.225134)
121.435806,31.247633,POINT (121.435806 31.247633)
121.461416,31.227631,POINT (121.461416 31.227631)
121.46863,31.218870000000006,POINT (121.46863 31.21887000000001)
121.435914,31.21841,POINT (121.435914 31.21841)
121.439061,31.203598,POINT (121.439061 31.203598)
121.497057,31.233679,POINT (121.497057 31.233679)
121.43323999999998,31.213189,POINT (121.43324 31.213189)
121.463697,31.21015,POINT (121.463697 31.21015)
121.415859,31.178073,POINT (121.415859 31.178073)
121.486351,31.236099,POINT (121.486351 31.236099)
121.81538799999998,30.874137,POINT (121.815388 30.874137)
121.452557,31.224631,POINT (121.452557 31.224631)
121.473991,31.271455,POINT (121.473991 31.271455)
121.464152,31.208382,POINT (121.464152 31.208382)
121.464033,31.210364,POINT (121.464033 31.210364)
121.558318,31.21495,POINT (121.558318 31.21495)
121.461537,31.220747,POINT (121.461537 31.220747)
121.476532,31.411547,POINT (121.476532 31.411547)
121.469943,31.222938,POINT (121.469943 31.222938)
121.494679,31.238764,POINT (121.494679 31.238764)
121.527909,31.262902,POINT (121.527909 31.262902)
121.517677,31.279757,POINT (121.517677 31.279757)
121.520515,31.229368,POINT (121.520515 31.229368)
121.113017,31.154613,POINT (121.113017 31.154613)
121.449456,31.218106,POINT (121.449456 31.218106)
121.486234,31.236434000000006,POINT (121.486234 31.23643400000001)
121.45202,31.248441,POINT (121.45202 31.248441)
121.402652,31.20426,POINT (121.402652 31.20426)
121.506041,31.306865,POINT (121.506041 31.306865)
121.493119,31.283686,POINT (121.493119 31.283686)
121.473547,31.207486,POINT (121.473547 31.207486)
121.40828,31.198154,POINT (121.40828 31.198154)
121.36967,31.180702,POINT (121.36967 31.180702)
121.475554,31.288158000000006,POINT (121.475554 31.28815800000001)
121.741209,31.048407,POINT (121.741209 31.048407)
121.467533,31.244589,POINT (121.467533 31.244589)
121.42394,31.231252,POINT (121.42394 31.231252)
121.465941,31.231163,POINT (121.465941 31.231163)
121.391955,31.625731,POINT (121.391955 31.625731)
121.487458,31.306472,POINT (121.487458 31.306472)
121.780183,31.048654,POINT (121.780183 31.048654)
121.4574,31.21716,POINT (121.4574 31.21716)
121.483543,31.24381,POINT (121.483543 31.24381)
121.241361,31.386543,POINT (121.241361 31.386543)
121.320434,31.241411,POINT (121.320434 31.241411)
121.432572,31.197266,POINT (121.432572 31.197266)
121.897661,30.883165,POINT (121.897661 30.883165)
121.594733,31.194857,POINT (121.594733 31.194857)
121.419237,31.211315000000006,POINT (121.419237 31.21131500000001)
121.495891,31.235064,POINT (121.495891 31.235064)
121.406471,31.233311,POINT (121.406471 31.233311)
121.445314,31.223115000000004,POINT (121.445314 31.223115)
121.446353,31.204733,POINT (121.446353 31.204733)
121.43799,31.224681,POINT (121.43799 31.224681)
121.25109,31.384733,POINT (121.25109 31.384733)
121.384321,31.105877000000003,POINT (121.384321 31.105877)
121.438645,31.224523,POINT (121.438645 31.224523)
121.416361,31.220367,POINT (121.416361 31.220367)
121.282621,31.333547,POINT (121.282621 31.333547)
121.472496,31.223931,POINT (121.472496 31.223931)
121.445236,31.225161,POINT (121.445236 31.225161)
121.450192,31.221912,POINT (121.450192 31.221912)
121.44993999999998,31.141698,POINT (121.44994 31.141698)
121.290688,31.166355,POINT (121.290688 31.166355)
121.46319,31.208008000000003,POINT (121.46319 31.208008)
121.451079,31.22352,POINT (121.451079 31.22352)
121.582705,31.213036,POINT (121.582705 31.213036)
121.041198,31.10778,POINT (121.041198 31.10778)
121.390987,31.226875,POINT (121.390987 31.226875)
121.420931,31.142945,POINT (121.420931 31.142945)
121.483475,31.243569,POINT (121.483475 31.243569)
121.43511,31.195244,POINT (121.43511 31.195244)
121.274459,31.15897,POINT (121.274459 31.15897)
121.505943,31.236333,POINT (121.505943 31.236333)
121.399909,31.244006,POINT (121.399909 31.244006)
121.441771,31.22691,POINT (121.441771 31.22691)
121.5042,31.202329,POINT (121.5042 31.202329)
121.473261,31.227367,POINT (121.473261 31.227367)
121.503355,31.236851,POINT (121.503355 31.236851)
121.361757,31.183003000000006,POINT (121.361757 31.18300300000001)
121.443183,31.219042,POINT (121.443183 31.219042)
121.431758,31.253853000000003,POINT (121.431758 31.253853)
121.412454,31.221502,POINT (121.412454 31.221502)
121.495378,31.235787,POINT (121.495378 31.235787)
121.4371,31.299059000000003,POINT (121.4371 31.299059)
121.49384,31.238305,POINT (121.49384 31.238305)
121.342962,30.734661,POINT (121.342962 30.734661)
121.426627,31.200818,POINT (121.426627 31.200818)
121.438936,31.224238,POINT (121.438936 31.224238)
121.214855,31.051613,POINT (121.214855 31.051613)
121.479096,30.927172,POINT (121.479096 30.927172)
121.389315,31.314566,POINT (121.389315 31.314566)
121.440828,31.221171,POINT (121.440828 31.221171)
121.459989,30.816207,POINT (121.459989 30.816207)
121.503355,31.236851,POINT (121.503355 31.236851)
121.481837,31.250666,POINT (121.481837 31.250666)
121.19956299999998,31.051805,POINT (121.199563 31.051805)
121.510796,31.267865000000004,POINT (121.510796 31.267865)
121.47142,31.235656,POINT (121.47142 31.235656)
121.493269,31.237952000000003,POINT (121.493269 31.237952)
121.448306,31.219564,POINT (121.448306 31.219564)
121.224674,31.153783,POINT (121.224674 31.153783)
121.164742,31.297675,POINT (121.164742 31.297675)
121.105401,31.161288,POINT (121.105401 31.161288)
121.442965,31.225155,POINT (121.442965 31.225155)
121.450275,31.228576,POINT (121.450275 31.228576)
121.437374,31.284067,POINT (121.437374 31.284067)
121.432996,31.19638,POINT (121.432996 31.19638)
121.469276,31.225711,POINT (121.469276 31.225711)
121.46048799999998,31.255409000000004,POINT (121.460488 31.255409)
121.47651100000002,31.233642,POINT (121.476511 31.233642)
121.510667,31.229173,POINT (121.510667 31.229173)
121.337686,31.258189,POINT (121.337686 31.258189)
121.553263,31.205352,POINT (121.553263 31.205352)
121.480026,31.250377,POINT (121.480026 31.250377)
121.445154,31.217613,POINT (121.445154 31.217613)
121.47061399999998,31.221588,POINT (121.470614 31.221588)
121.402021,31.207662,POINT (121.402021 31.207662)
121.369661,31.180032,POINT (121.369661 31.180032)
121.364491,31.405304,POINT (121.364491 31.405304)
121.501302,31.24451,POINT (121.501302 31.24451)
121.458928,31.22082,POINT (121.458928 31.22082)
121.432252,31.197146000000004,POINT (121.432252 31.197146)
121.479552,31.277858,POINT (121.479552 31.277858)
121.778861,31.052575,POINT (121.778861 31.052575)
121.48494,31.235022,POINT (121.48494 31.235022)
121.455266,31.230511,POINT (121.455266 31.230511)
121.407315,31.234468,POINT (121.407315 31.234468)
121.418618,31.239771,POINT (121.418618 31.239771)
121.411665,31.220622,POINT (121.411665 31.220622)
121.450048,31.232552,POINT (121.450048 31.232552)
121.462457,31.259044,POINT (121.462457 31.259044)
121.394194,31.216994,POINT (121.394194 31.216994)
121.552324,31.234488,POINT (121.552324 31.234488)
121.47651100000002,31.233642,POINT (121.476511 31.233642)
121.438642,31.194528,POINT (121.438642 31.194528)
121.439333,31.228635,POINT (121.439333 31.228635)
121.492867,31.249506,POINT (121.492867 31.249506)
121.439599,31.208111,POINT (121.439599 31.208111)
121.501776,31.273153000000004,POINT (121.501776 31.273153)
121.486234,31.236434000000006,POINT (121.486234 31.23643400000001)
121.434709,31.19807,POINT (121.434709 31.19807)
121.471034,31.221382,POINT (121.471034 31.221382)
121.472001,31.234414,POINT (121.472001 31.234414)
121.497749,31.159722,POINT (121.497749 31.159722)
121.445505,31.226196,POINT (121.445505 31.226196)
121.442964,31.225775,POINT (121.442964 31.225775)
121.442629,31.225141,POINT (121.442629 31.225141)
121.045447,31.122776,POINT (121.045447 31.122776)
121.400495,31.206465,POINT (121.400495 31.206465)
121.432402,31.241427,POINT (121.432402 31.241427)
121.583418,31.27372,POINT (121.583418 31.27372)
121.40396,31.209055,POINT (121.40396 31.209055)
121.454121,31.222192,POINT (121.454121 31.222192)
121.329883,31.167472,POINT (121.329883 31.167472)
121.441221,31.325578000000004,POINT (121.441221 31.325578)
121.444044,31.224254,POINT (121.444044 31.224254)
121.364127,31.196816,POINT (121.364127 31.196816)
121.407533,31.291407,POINT (121.407533 31.291407)
121.559905,31.214976,POINT (121.559905 31.214976)
121.443647,31.309359000000004,POINT (121.443647 31.309359)
121.432124,31.196815,POINT (121.432124 31.196815)
121.394815,31.165887,POINT (121.394815 31.165887)
121.379471,31.285925,POINT (121.379471 31.285925)
121.445865,31.210494,POINT (121.445865 31.210494)
121.419966,31.003515000000004,POINT (121.419966 31.003515)
121.58738999999998,31.193478,POINT (121.58739 31.193478)
121.470481,31.219625,POINT (121.470481 31.219625)
121.559635,31.215265,POINT (121.559635 31.215265)
121.310134,31.151203,POINT (121.310134 31.151203)
121.434558,31.202965000000006,POINT (121.434558 31.20296500000001)
121.402983,31.193274,POINT (121.402983 31.193274)
121.434678,31.199291,POINT (121.434678 31.199291)
121.47201499999998,31.233909000000004,POINT (121.472015 31.233909)
121.323623,31.193929,POINT (121.323623 31.193929)
121.454394,31.222458000000003,POINT (121.454394 31.222458)
121.441711,31.225551,POINT (121.441711 31.225551)
121.461537,31.227273,POINT (121.461537 31.227273)
121.39795,31.211504,POINT (121.39795 31.211504)
121.369539,31.274457,POINT (121.369539 31.274457)
121.211524,31.051669,POINT (121.211524 31.051669)
121.453055,31.187884000000004,POINT (121.453055 31.187884)
121.470441,31.223006,POINT (121.470441 31.223006)
121.396932,31.197151,POINT (121.396932 31.197151)
121.586758,31.18922,POINT (121.586758 31.18922)
121.435538,31.197308000000003,POINT (121.435538 31.197308)
121.437952,31.224745,POINT (121.437952 31.224745)
121.45991200000002,31.233175,POINT (121.459912 31.233175)
121.445631,31.214814,POINT (121.445631 31.214814)
121.480212,30.91719,POINT (121.480212 30.91719)
121.512869,31.304920000000006,POINT (121.512869 31.30492000000001)
121.623281,31.213857,POINT (121.623281 31.213857)
121.287288,31.171375,POINT (121.287288 31.171375)
121.519448,30.840232,POINT (121.519448 30.840232)
121.545851,31.212302,POINT (121.545851 31.212302)
121.483838,31.264554,POINT (121.483838 31.264554)
121.480907,30.917075,POINT (121.480907 30.917075)
121.48048500000002,30.916981,POINT (121.480485 30.916981)
121.447173,31.23045,POINT (121.447173 31.23045)
121.43218600000002,31.196679,POINT (121.432186 31.196679)
121.452564,31.247134000000006,POINT (121.452564 31.24713400000001)
121.237728,31.366421000000006,POINT (121.237728 31.36642100000001)
121.41407,31.235213,POINT (121.41407 31.235213)
121.438697,31.19117,POINT (121.438697 31.19117)
121.413312,31.221417,POINT (121.413312 31.221417)
121.473117,31.235174,POINT (121.473117 31.235174)
121.309681,30.887619,POINT (121.309681 30.887619)
121.414264,31.209565,POINT (121.414264 31.209565)
121.27797,31.205002,POINT (121.27797 31.205002)
121.371051,31.209628,POINT (121.371051 31.209628)
121.461751,31.217051,POINT (121.461751 31.217051)
121.555917,31.229293,POINT (121.555917 31.229293)
121.469708,31.216513,POINT (121.469708 31.216513)
121.333475,30.733361,POINT (121.333475 30.733361)
121.447183,31.2306,POINT (121.447183 31.2306)
121.454629,31.219095000000006,POINT (121.454629 31.21909500000001)
121.419363,31.211369,POINT (121.419363 31.211369)
121.439309,31.209836,POINT (121.439309 31.209836)
121.466422,31.23289,POINT (121.466422 31.23289)
121.4128,31.207712,POINT (121.4128 31.207712)
121.360841,31.150477,POINT (121.360841 31.150477)
121.547917,31.226751,POINT (121.547917 31.226751)
121.346468,31.315184,POINT (121.346468 31.315184)
121.403198,31.209119,POINT (121.403198 31.209119)
121.469722,31.217092,POINT (121.469722 31.217092)
121.468368,31.194008,POINT (121.468368 31.194008)
121.506671,31.264083000000007,POINT (121.506671 31.26408300000001)
121.402802,31.212185,POINT (121.402802 31.212185)
121.426064,31.185416,POINT (121.426064 31.185416)
121.437623,31.181872,POINT (121.437623 31.181872)
121.456438,31.231742,POINT (121.456438 31.231742)
121.555609,31.229184000000004,POINT (121.555609 31.229184)
121.48592,31.208384,POINT (121.48592 31.208384)
121.443735,31.227743,POINT (121.443735 31.227743)
121.441771,31.22691,POINT (121.441771 31.22691)
121.443525,31.224165000000006,POINT (121.443525 31.22416500000001)
121.266468,31.16811,POINT (121.266468 31.16811)
121.58746399999998,31.246354,POINT (121.587464 31.246354)
121.46049,31.234339,POINT (121.46049 31.234339)
121.452198,31.212226,POINT (121.452198 31.212226)
121.402383,31.208617,POINT (121.402383 31.208617)
121.479552,31.277858,POINT (121.479552 31.277858)
121.444572,31.225590000000004,POINT (121.444572 31.22559)
121.423978,31.219527000000006,POINT (121.423978 31.21952700000001)
121.43947,31.228446,POINT (121.43947 31.228446)
121.527966,31.288997,POINT (121.527966 31.288997)
121.437033,31.230407,POINT (121.437033 31.230407)
121.441839,31.226941,POINT (121.441839 31.226941)
121.44938799999998,31.208444,POINT (121.449388 31.208444)
121.465475,31.221147,POINT (121.465475 31.221147)
121.444697,31.206665,POINT (121.444697 31.206665)
121.425296,31.161293,POINT (121.425296 31.161293)
121.44959,31.21826,POINT (121.44959 31.21826)
121.500478,31.210614,POINT (121.500478 31.210614)
121.41768799999998,31.286295000000006,POINT (121.417688 31.28629500000001)
121.489609,31.232658,POINT (121.489609 31.232658)
121.341519,31.196282,POINT (121.341519 31.196282)
121.345579,31.158043,POINT (121.345579 31.158043)
121.464116,31.207763,POINT (121.464116 31.207763)
121.438549,31.219864,POINT (121.438549 31.219864)
121.15941,31.289726,POINT (121.15941 31.289726)
121.574698,31.11884,POINT (121.574698 31.11884)
121.4852,31.240408,POINT (121.4852 31.240408)
121.531294,31.237518,POINT (121.531294 31.237518)
121.261878,31.328158,POINT (121.261878 31.328158)
121.377705,31.234781,POINT (121.377705 31.234781)
121.207251,31.420058,POINT (121.207251 31.420058)
121.699017,31.19978,POINT (121.699017 31.19978)
121.445655,31.212406,POINT (121.445655 31.212406)
121.455459,31.216968,POINT (121.455459 31.216968)
121.486807,31.234472,POINT (121.486807 31.234472)
121.436524,31.025474,POINT (121.436524 31.025474)
121.444824,31.34151,POINT (121.444824 31.34151)
121.470471,31.219683000000003,POINT (121.470471 31.219683)
121.452848,31.187777,POINT (121.452848 31.187777)
121.495498,31.228358,POINT (121.495498 31.228358)
121.431351,31.227009,POINT (121.431351 31.227009)
121.770361,31.051108000000006,POINT (121.770361 31.05110800000001)
121.443615,31.325339000000003,POINT (121.443615 31.325339)
121.447443,31.228433000000006,POINT (121.447443 31.22843300000001)
121.512999,31.225,POINT (121.512999 31.225)
121.411096,31.189794,POINT (121.411096 31.189794)
121.445757,31.22163,POINT (121.445757 31.22163)
121.469667,31.216467,POINT (121.469667 31.216467)
121.483205,31.242938,POINT (121.483205 31.242938)
121.560276,31.214592,POINT (121.560276 31.214592)
121.40252,31.193308,POINT (121.40252 31.193308)
121.188209,31.045474,POINT (121.188209 31.045474)
121.314556,31.138232,POINT (121.314556 31.138232)
121.434503,31.194340000000004,POINT (121.434503 31.19434)
121.50874,31.143578,POINT (121.50874 31.143578)
121.44951299999998,31.213528000000004,POINT (121.449513 31.213528)
121.338662,31.080379,POINT (121.338662 31.080379)
121.202002,31.049573,POINT (121.202002 31.049573)
121.445235,31.225826,POINT (121.445235 31.225826)
121.382589,31.109895,POINT (121.382589 31.109895)
121.486376,31.246686,POINT (121.486376 31.246686)
121.213657,31.040599,POINT (121.213657 31.040599)
121.214374,31.051683,POINT (121.214374 31.051683)
121.503391,31.332457,POINT (121.503391 31.332457)
121.486542,31.256746000000003,POINT (121.486542 31.256746)
121.299167,31.160468,POINT (121.299167 31.160468)
121.31583899999998,31.291696,POINT (121.315839 31.291696)
121.309833,31.176543,POINT (121.309833 31.176543)
121.323067,31.196092,POINT (121.323067 31.196092)
121.559494,31.214663,POINT (121.559494 31.214663)
121.419409,31.195966,POINT (121.419409 31.195966)
121.398707,31.207042,POINT (121.398707 31.207042)
121.397528,31.21084,POINT (121.397528 31.21084)
121.64968,31.027613,POINT (121.64968 31.027613)
121.444998,31.210420000000006,POINT (121.444998 31.21042000000001)
121.448382,31.232485,POINT (121.448382 31.232485)
121.287288,31.171375,POINT (121.287288 31.171375)
121.471741,31.234597,POINT (121.471741 31.234597)
121.19762,31.041744,POINT (121.19762 31.041744)
121.387648,31.202367,POINT (121.387648 31.202367)
121.45432,30.908155,POINT (121.45432 30.908155)
121.498396,30.842456,POINT (121.498396 30.842456)
121.416361,31.220367,POINT (121.416361 31.220367)
121.43799,31.224681,POINT (121.43799 31.224681)
121.601892,31.263675,POINT (121.601892 31.263675)
121.530028,31.179915,POINT (121.530028 31.179915)
121.624194,31.215212,POINT (121.624194 31.215212)
121.471872,31.233893,POINT (121.471872 31.233893)
121.388069,31.2025,POINT (121.388069 31.2025)
121.438448,31.29894,POINT (121.438448 31.29894)
121.440955,31.226136,POINT (121.440955 31.226136)
121.50376599999998,30.83997,POINT (121.503766 30.83997)
121.237844,31.061113,POINT (121.237844 31.061113)
121.276852,31.204659000000003,POINT (121.276852 31.204659)
121.320255,31.24142,POINT (121.320255 31.24142)
121.412732,31.207743,POINT (121.412732 31.207743)
121.205553,31.033929,POINT (121.205553 31.033929)
121.702544,31.384914,POINT (121.702544 31.384914)
121.453923,31.223121000000006,POINT (121.453923 31.22312100000001)
121.443459,31.325908,POINT (121.443459 31.325908)
121.431655,31.024814000000006,POINT (121.431655 31.02481400000001)
121.473082,31.209584000000003,POINT (121.473082 31.209584)
121.394814,31.165886,POINT (121.394814 31.165886)
121.496426,31.30305,POINT (121.496426 31.30305)
121.452324,31.215916,POINT (121.452324 31.215916)
121.37311,31.192627,POINT (121.37311 31.192627)
121.290688,31.166355,POINT (121.290688 31.166355)
121.448397,31.218908000000006,POINT (121.448397 31.21890800000001)
121.442,31.237706,POINT (121.442 31.237706)
121.519581,30.837635,POINT (121.519581 30.837635)
121.479588,31.277539,POINT (121.479588 31.277539)
121.444718,31.206637,POINT (121.444718 31.206637)
121.240809,31.015227000000007,POINT (121.240809 31.01522700000001)
121.238348,31.060177000000003,POINT (121.238348 31.060177)
121.464935,31.209612,POINT (121.464935 31.209612)
121.57113,31.233724,POINT (121.57113 31.233724)
121.439234,31.194347,POINT (121.439234 31.194347)
121.503066,31.251887,POINT (121.503066 31.251887)
121.407211,31.233057,POINT (121.407211 31.233057)
121.445603,31.202487,POINT (121.445603 31.202487)
121.446127,31.218912,POINT (121.446127 31.218912)
121.448336,31.231994,POINT (121.448336 31.231994)
121.437495,31.216743,POINT (121.437495 31.216743)
121.482025,31.301713,POINT (121.482025 31.301713)
121.44631499999998,31.222059,POINT (121.446315 31.222059)
121.397176,31.197239,POINT (121.397176 31.197239)
121.453902,31.188243,POINT (121.453902 31.188243)
121.411774,31.228771,POINT (121.411774 31.228771)
121.469028,31.225091,POINT (121.469028 31.225091)
121.238581,31.060966,POINT (121.238581 31.060966)
121.436742,31.231317,POINT (121.436742 31.231317)
121.445652,31.20256,POINT (121.445652 31.20256)
121.485261,31.242518,POINT (121.485261 31.242518)
121.495439,31.228403000000004,POINT (121.495439 31.228403)
121.318211,31.241373,POINT (121.318211 31.241373)
121.69396,31.189048,POINT (121.69396 31.189048)
121.463484,31.223112,POINT (121.463484 31.223112)
121.461087,31.227599,POINT (121.461087 31.227599)
121.47021399999998,31.216837,POINT (121.470214 31.216837)
121.461733,31.233162,POINT (121.461733 31.233162)
121.421867,31.204875,POINT (121.421867 31.204875)
121.437385,31.19289,POINT (121.437385 31.19289)
121.383096,31.108482,POINT (121.383096 31.108482)
121.437578,31.191493,POINT (121.437578 31.191493)
121.39685,31.211535,POINT (121.39685 31.211535)
121.46634,31.206206,POINT (121.46634 31.206206)
121.518202,31.321884000000004,POINT (121.518202 31.321884)
121.463599,31.208171000000004,POINT (121.463599 31.208171)
121.703622,31.384936,POINT (121.703622 31.384936)
121.453989,31.218069,POINT (121.453989 31.218069)
121.688365,31.183431,POINT (121.688365 31.183431)
121.390478,31.157662,POINT (121.390478 31.157662)
121.479507,31.23748,POINT (121.479507 31.23748)
121.438684,31.225176,POINT (121.438684 31.225176)
121.46389,31.208022,POINT (121.46389 31.208022)
121.479943,31.231353,POINT (121.479943 31.231353)
121.428708,31.197293,POINT (121.428708 31.197293)
121.446549,31.207616,POINT (121.446549 31.207616)
121.397528,31.21084,POINT (121.397528 31.21084)
121.596618,31.208841,POINT (121.596618 31.208841)
121.443505,31.235196,POINT (121.443505 31.235196)
121.723502,31.156937,POINT (121.723502 31.156937)
121.43606,31.211648,POINT (121.43606 31.211648)
121.532267,31.215222,POINT (121.532267 31.215222)
121.5045,31.252421,POINT (121.5045 31.252421)
121.463841,31.207836,POINT (121.463841 31.207836)
121.571017,31.238024,POINT (121.571017 31.238024)
121.381038,31.199027,POINT (121.381038 31.199027)
121.403664,31.209137,POINT (121.403664 31.209137)
121.469705,31.216572,POINT (121.469705 31.216572)
121.320104,31.241748,POINT (121.320104 31.241748)
121.488781,31.234182,POINT (121.488781 31.234182)
121.42497,31.302761,POINT (121.42497 31.302761)
121.374795,31.246673,POINT (121.374795 31.246673)
121.446467,31.207676,POINT (121.446467 31.207676)
121.502746,31.219656,POINT (121.502746 31.219656)
121.44173,31.214440000000003,POINT (121.44173 31.21444)
121.447352,31.275612,POINT (121.447352 31.275612)
121.580144,31.20114,POINT (121.580144 31.20114)
121.405282,31.214755,POINT (121.405282 31.214755)
121.363,31.083927000000006,POINT (121.363 31.08392700000001)
121.469993,31.237965000000006,POINT (121.469993 31.23796500000001)
121.440511,31.225939,POINT (121.440511 31.225939)
121.441757,31.227227000000006,POINT (121.441757 31.22722700000001)
121.436542,31.196336,POINT (121.436542 31.196336)
121.446256,31.221963,POINT (121.446256 31.221963)
121.48027,31.229673,POINT (121.48027 31.229673)
121.481035,31.240407,POINT (121.481035 31.240407)
121.44918,31.212392,POINT (121.44918 31.212392)
121.424621,31.230553000000004,POINT (121.424621 31.230553)
121.457522,31.179043,POINT (121.457522 31.179043)
121.212201,31.289047,POINT (121.212201 31.289047)
121.454971,31.218148,POINT (121.454971 31.218148)
121.513657,31.309899,POINT (121.513657 31.309899)
121.695233,31.186568,POINT (121.695233 31.186568)
121.44271299999998,31.295759000000004,POINT (121.442713 31.295759)
121.472506,31.249822,POINT (121.472506 31.249822)
121.469203,31.289049,POINT (121.469203 31.289049)
121.437135,31.266052,POINT (121.437135 31.266052)
121.49274,31.374595000000006,POINT (121.49274 31.37459500000001)
121.404113,31.235605,POINT (121.404113 31.235605)
121.156878,30.897937,POINT (121.156878 30.897937)
121.453621,31.217359,POINT (121.453621 31.217359)
121.383507,31.193128,POINT (121.383507 31.193128)
121.41,31.209128000000003,POINT (121.41 31.209128)
121.205553,31.03393,POINT (121.205553 31.03393)
121.450403,31.218042,POINT (121.450403 31.218042)
121.46988600000002,31.217138,POINT (121.469886 31.217138)
121.372654,31.111307,POINT (121.372654 31.111307)
121.567425,31.161181,POINT (121.567425 31.161181)
121.507318,31.307303000000005,POINT (121.507318 31.307303)
121.503009,31.25337,POINT (121.503009 31.25337)
121.495955,31.239483,POINT (121.495955 31.239483)
121.449518,31.213546,POINT (121.449518 31.213546)
121.107218,31.147665000000003,POINT (121.107218 31.147665)
121.455353,31.236824,POINT (121.455353 31.236824)
121.195966,31.051606,POINT (121.195966 31.051606)
121.455585,31.277689,POINT (121.455585 31.277689)
121.455213,31.230484000000004,POINT (121.455213 31.230484)
121.465607,31.219659000000004,POINT (121.465607 31.219659)
121.435087,31.198606,POINT (121.435087 31.198606)
121.389133,31.181454,POINT (121.389133 31.181454)
121.412782,31.19976,POINT (121.412782 31.19976)
121.376641,31.189112,POINT (121.376641 31.189112)
121.598792,31.20819,POINT (121.598792 31.20819)
121.435416,31.194578000000003,POINT (121.435416 31.194578)
121.481302,31.240481,POINT (121.481302 31.240481)
121.501048,31.237133,POINT (121.501048 31.237133)
121.574555,31.117613,POINT (121.574555 31.117613)
121.468635,31.218803,POINT (121.468635 31.218803)
121.459765,31.233455,POINT (121.459765 31.233455)
121.471143,31.220693,POINT (121.471143 31.220693)
121.360148,31.260812,POINT (121.360148 31.260812)
121.426384,31.249846999999995,POINT (121.426384 31.249847)
121.469595,31.217139000000003,POINT (121.469595 31.217139)
121.470733,31.222676,POINT (121.470733 31.222676)
121.503784,31.283243,POINT (121.503784 31.283243)
121.425115,31.20646,POINT (121.425115 31.20646)
121.444736,31.238651,POINT (121.444736 31.238651)
121.468612,31.219371,POINT (121.468612 31.219371)
121.470711,31.224915000000006,POINT (121.470711 31.22491500000001)
121.212236,31.051262,POINT (121.212236 31.051262)
121.44053,31.202772,POINT (121.44053 31.202772)
121.470422,31.219562,POINT (121.470422 31.219562)
121.50585,31.300040000000006,POINT (121.50585 31.30004000000001)
121.43683500000002,31.244419,POINT (121.436835 31.244419)
121.427305,30.99134,POINT (121.427305 30.99134)
121.369802,31.17391,POINT (121.369802 31.17391)
121.44974,31.222826,POINT (121.44974 31.222826)
121.486807,31.234472,POINT (121.486807 31.234472)
121.511844,31.302815,POINT (121.511844 31.302815)
121.439478,31.213471,POINT (121.439478 31.213471)
121.653841,31.278059,POINT (121.653841 31.278059)
121.36721,31.347279,POINT (121.36721 31.347279)
121.588434,31.24358,POINT (121.588434 31.24358)
121.430008,31.221894,POINT (121.430008 31.221894)
121.55953,31.215098,POINT (121.55953 31.215098)
121.49654,31.237446,POINT (121.49654 31.237446)
121.451434,31.230449,POINT (121.451434 31.230449)
121.486175,31.236379,POINT (121.486175 31.236379)
121.438673,31.232262,POINT (121.438673 31.232262)
121.391786,31.158028,POINT (121.391786 31.158028)
121.49973500000002,31.321884000000004,POINT (121.499735 31.321884)
121.385605,31.166555,POINT (121.385605 31.166555)
121.464225,31.210249,POINT (121.464225 31.210249)
121.477101,31.261838,POINT (121.477101 31.261838)
121.369983,31.171276,POINT (121.369983 31.171276)
121.544794,31.291165000000003,POINT (121.544794 31.291165)
121.413666,31.238694,POINT (121.413666 31.238694)
121.452193,31.257667,POINT (121.452193 31.257667)
121.490185,31.292631,POINT (121.490185 31.292631)
121.587484,31.193305,POINT (121.587484 31.193305)
121.511949,30.848822,POINT (121.511949 30.848822)
121.407858,31.247037,POINT (121.407858 31.247037)
121.50293,31.219797,POINT (121.50293 31.219797)
121.306573,31.143633,POINT (121.306573 31.143633)
121.40305,31.210132,POINT (121.40305 31.210132)
121.506846,31.079824,POINT (121.506846 31.079824)
121.413025,31.237158,POINT (121.413025 31.237158)
121.440987,31.249379,POINT (121.440987 31.249379)
121.458935,31.228797,POINT (121.458935 31.228797)
121.402061,31.209256,POINT (121.402061 31.209256)
121.319765,31.242590000000003,POINT (121.319765 31.24259)
121.406955,31.234421,POINT (121.406955 31.234421)
121.439209,31.228907,POINT (121.439209 31.228907)
121.381795,31.109653,POINT (121.381795 31.109653)
121.514421,31.133284000000003,POINT (121.514421 31.133284)
121.46715,31.239054,POINT (121.46715 31.239054)
121.425381,31.206431,POINT (121.425381 31.206431)
121.426429,31.249846,POINT (121.426429 31.249846)
121.236548,31.366079,POINT (121.236548 31.366079)
121.897231,30.882763,POINT (121.897231 30.882763)
121.409858,31.209062,POINT (121.409858 31.209062)
121.469226,31.22317,POINT (121.469226 31.22317)
121.391446,31.620873,POINT (121.391446 31.620873)
121.45038999999998,31.227987,POINT (121.45039 31.227987)
121.438402,31.245076,POINT (121.438402 31.245076)
121.369762,31.180137,POINT (121.369762 31.180137)
121.51913,30.840291,POINT (121.51913 30.840291)
121.514243,31.231796000000006,POINT (121.514243 31.23179600000001)
121.447444,31.228431,POINT (121.447444 31.228431)
121.484986,31.240966,POINT (121.484986 31.240966)
121.207242,31.28097,POINT (121.207242 31.28097)
121.449634,31.212899,POINT (121.449634 31.212899)
121.60126,31.311598,POINT (121.60126 31.311598)
121.487538,31.398297,POINT (121.487538 31.398297)
121.441539,31.224629,POINT (121.441539 31.224629)
121.298872,31.435312,POINT (121.298872 31.435312)
121.469599,31.221488,POINT (121.469599 31.221488)
121.191593,31.019049,POINT (121.191593 31.019049)
121.504677,31.30494,POINT (121.504677 31.30494)
121.142434,31.161140000000003,POINT (121.142434 31.16114)
121.462934,31.26736,POINT (121.462934 31.26736)
121.451396,31.20623,POINT (121.451396 31.20623)
121.382566,31.322872,POINT (121.382566 31.322872)
121.335011,31.257545,POINT (121.335011 31.257545)
121.455263,31.236654,POINT (121.455263 31.236654)
121.274598,31.386776,POINT (121.274598 31.386776)
121.276272,31.325808,POINT (121.276272 31.325808)
121.390765,31.057928000000004,POINT (121.390765 31.057928)
121.200403,31.296290000000006,POINT (121.200403 31.29629000000001)
121.277753,31.329352,POINT (121.277753 31.329352)
121.419583,31.238911,POINT (121.419583 31.238911)
121.552586,31.257734000000006,POINT (121.552586 31.25773400000001)
121.461452,31.241898,POINT (121.461452 31.241898)
121.436083,31.249474,POINT (121.436083 31.249474)
121.398881,31.19956,POINT (121.398881 31.19956)
121.490248,31.252784,POINT (121.490248 31.252784)
121.456626,31.232774,POINT (121.456626 31.232774)
121.426053,31.237031,POINT (121.426053 31.237031)
121.212615,31.316981,POINT (121.212615 31.316981)
121.442506,31.325677,POINT (121.442506 31.325677)
121.484947,31.235029,POINT (121.484947 31.235029)
121.478604,31.287165,POINT (121.478604 31.287165)
121.447772,31.233112,POINT (121.447772 31.233112)
121.438364,31.210671,POINT (121.438364 31.210671)
121.448095,31.235788,POINT (121.448095 31.235788)
121.400532,31.193392,POINT (121.400532 31.193392)
121.467506,31.245036,POINT (121.467506 31.245036)
121.464253,31.217076,POINT (121.464253 31.217076)
121.464122,31.222494,POINT (121.464122 31.222494)
121.41185,31.259823,POINT (121.41185 31.259823)
121.464394,31.23331,POINT (121.464394 31.23331)
121.642915,31.121879,POINT (121.642915 31.121879)
121.445898,31.204878000000004,POINT (121.445898 31.204878)
121.455641,31.228364000000006,POINT (121.455641 31.22836400000001)
121.500226,31.303517,POINT (121.500226 31.303517)
121.442043,31.226801,POINT (121.442043 31.226801)
121.48741499999998,31.280996,POINT (121.487415 31.280996)
121.472613,31.220131,POINT (121.472613 31.220131)
121.503672,31.305195,POINT (121.503672 31.305195)
121.43761299999998,31.20901,POINT (121.437613 31.20901)
121.471034,31.221243,POINT (121.471034 31.221243)
121.433009,31.207815000000004,POINT (121.433009 31.207815)
121.434458,31.208252,POINT (121.434458 31.208252)
121.478298,30.927759,POINT (121.478298 30.927759)
121.333231,31.167021,POINT (121.333231 31.167021)
121.39062,31.224532,POINT (121.39062 31.224532)
121.278206,31.330715,POINT (121.278206 31.330715)
121.466131,31.204803,POINT (121.466131 31.204803)
121.470617,31.218545,POINT (121.470617 31.218545)
121.337054,31.148643,POINT (121.337054 31.148643)
121.383402,31.322757,POINT (121.383402 31.322757)
121.51242,31.225071000000003,POINT (121.51242 31.225071)
121.472468,31.223915,POINT (121.472468 31.223915)
121.196193,31.04258,POINT (121.196193 31.04258)
121.432423,31.207654,POINT (121.432423 31.207654)
121.503219,31.218427,POINT (121.503219 31.218427)
121.594326,31.266138,POINT (121.594326 31.266138)
121.441799,31.213804,POINT (121.441799 31.213804)
121.618267,31.130987,POINT (121.618267 31.130987)
121.252979,31.380776,POINT (121.252979 31.380776)
121.580272,31.241724,POINT (121.580272 31.241724)
121.495591,31.228259,POINT (121.495591 31.228259)
121.376571,31.173265,POINT (121.376571 31.173265)
121.463352,31.222616,POINT (121.463352 31.222616)
121.434893,31.181436,POINT (121.434893 31.181436)
121.473806,31.222529,POINT (121.473806 31.222529)
121.452945,31.235808,POINT (121.452945 31.235808)
121.19163,31.036713,POINT (121.19163 31.036713)
121.437173,31.196847,POINT (121.437173 31.196847)
121.450124,31.236941,POINT (121.450124 31.236941)
121.450743,31.219792,POINT (121.450743 31.219792)
121.382216,31.192902,POINT (121.382216 31.192902)
121.7498,31.178603000000006,POINT (121.7498 31.17860300000001)
121.435199,31.195004,POINT (121.435199 31.195004)
121.423978,31.219527000000006,POINT (121.423978 31.21952700000001)
121.192785,31.05196,POINT (121.192785 31.05196)
121.481873,31.25067,POINT (121.481873 31.25067)
121.462697,31.217614,POINT (121.462697 31.217614)
121.509453,31.180505,POINT (121.509453 31.180505)
121.420008,31.195929,POINT (121.420008 31.195929)
121.445085,31.212704,POINT (121.445085 31.212704)
121.459268,31.211067,POINT (121.459268 31.211067)
121.475512,31.227263,POINT (121.475512 31.227263)
121.578705,31.241558,POINT (121.578705 31.241558)
121.485502,31.242374,POINT (121.485502 31.242374)
121.398075,31.210558,POINT (121.398075 31.210558)
121.454412,31.228986,POINT (121.454412 31.228986)
121.502056,31.165888,POINT (121.502056 31.165888)
121.485396,30.920778,POINT (121.485396 30.920778)
121.335512,31.089219,POINT (121.335512 31.089219)
121.212256,31.034893,POINT (121.212256 31.034893)
121.495206,31.237881,POINT (121.495206 31.237881)
121.502997,31.165216,POINT (121.502997 31.165216)
121.44162,31.213613,POINT (121.44162 31.213613)
121.416171,31.257651,POINT (121.416171 31.257651)
121.484218,31.237569,POINT (121.484218 31.237569)
121.344315,31.144505,POINT (121.344315 31.144505)
121.463788,31.216855,POINT (121.463788 31.216855)
121.462875,31.258737,POINT (121.462875 31.258737)
121.488383,31.233677,POINT (121.488383 31.233677)
121.446552,31.225731,POINT (121.446552 31.225731)
121.48654,31.189523,POINT (121.48654 31.189523)
121.441791,31.22708,POINT (121.441791 31.22708)
121.394485,31.0877,POINT (121.394485 31.0877)
121.533525,31.219278000000006,POINT (121.533525 31.21927800000001)
121.495608,31.238716,POINT (121.495608 31.238716)
121.506822,31.306734,POINT (121.506822 31.306734)
121.447846,31.219166,POINT (121.447846 31.219166)
121.381129,31.193,POINT (121.381129 31.193)
121.44182,31.227039,POINT (121.44182 31.227039)
121.478815,31.248084,POINT (121.478815 31.248084)
121.494679,31.238764,POINT (121.494679 31.238764)
121.490858,31.239349,POINT (121.490858 31.239349)
121.373435,31.204111,POINT (121.373435 31.204111)
121.415433,31.017934000000004,POINT (121.415433 31.017934)
121.417225,31.281212,POINT (121.417225 31.281212)
121.467607,31.246242,POINT (121.467607 31.246242)
121.441851,31.226911,POINT (121.441851 31.226911)
121.38281200000002,31.138239,POINT (121.382812 31.138239)
121.398128,31.212665,POINT (121.398128 31.212665)
121.5006,31.307341,POINT (121.5006 31.307341)
121.447183,31.23048,POINT (121.447183 31.23048)
121.397872,31.196386,POINT (121.397872 31.196386)
121.46121399999998,31.205584,POINT (121.461214 31.205584)
121.207235,31.042631,POINT (121.207235 31.042631)
121.47723,31.275606,POINT (121.47723 31.275606)
121.410857,31.189745,POINT (121.410857 31.189745)
121.597049,31.207358000000006,POINT (121.597049 31.20735800000001)
121.460001,31.202502000000006,POINT (121.460001 31.20250200000001)
121.46346,31.223201,POINT (121.46346 31.223201)
121.398624,31.199218,POINT (121.398624 31.199218)
121.268219,31.171035,POINT (121.268219 31.171035)
121.43511,31.208921000000004,POINT (121.43511 31.208921)
121.259597,31.107941,POINT (121.259597 31.107941)
121.444888,31.229166,POINT (121.444888 31.229166)
121.382319,31.192924,POINT (121.382319 31.192924)
121.473355,31.220532,POINT (121.473355 31.220532)
121.441711,31.225261,POINT (121.441711 31.225261)
121.522589,31.213945,POINT (121.522589 31.213945)
121.414558,31.207923,POINT (121.414558 31.207923)
121.367721,31.355623,POINT (121.367721 31.355623)
121.553537,31.272996000000006,POINT (121.553537 31.27299600000001)
121.513442,31.304744,POINT (121.513442 31.304744)
121.450807,31.229871000000006,POINT (121.450807 31.22987100000001)
121.396658,31.125939,POINT (121.396658 31.125939)
121.435058,31.208887,POINT (121.435058 31.208887)
121.380973,31.145165,POINT (121.380973 31.145165)
121.463932,31.208689,POINT (121.463932 31.208689)
121.453058,31.235794,POINT (121.453058 31.235794)
121.431644,31.226783,POINT (121.431644 31.226783)
121.559633,31.214352,POINT (121.559633 31.214352)
121.67424,31.199304,POINT (121.67424 31.199304)
121.470189,31.217212,POINT (121.470189 31.217212)
121.496245,31.354732,POINT (121.496245 31.354732)
121.370709,31.224563,POINT (121.370709 31.224563)
121.477909,31.20472,POINT (121.477909 31.20472)
121.435068,31.217106,POINT (121.435068 31.217106)
121.50461,31.252628,POINT (121.50461 31.252628)
121.447846,31.219166,POINT (121.447846 31.219166)
121.467161,31.244735,POINT (121.467161 31.244735)
121.37901399999998,31.24741,POINT (121.379014 31.24741)
121.716677,31.057928000000004,POINT (121.716677 31.057928)
121.439515,31.228466,POINT (121.439515 31.228466)
121.565372,31.116204,POINT (121.565372 31.116204)
121.478,31.281015000000004,POINT (121.478 31.281015)
121.456375,30.943962,POINT (121.456375 30.943962)
121.432059,31.247958,POINT (121.432059 31.247958)
121.591077,31.240209000000004,POINT (121.591077 31.240209)
121.354891,31.225944,POINT (121.354891 31.225944)
121.420342,31.114959,POINT (121.420342 31.114959)
121.334255,30.71747,POINT (121.334255 30.71747)
121.447975,31.218882,POINT (121.447975 31.218882)
121.502601,31.220314,POINT (121.502601 31.220314)
121.558104,31.231433000000006,POINT (121.558104 31.23143300000001)
121.391456,31.105672,POINT (121.391456 31.105672)
121.472127,31.227533,POINT (121.472127 31.227533)
121.185518,31.052879,POINT (121.185518 31.052879)
121.44466,31.330967,POINT (121.44466 31.330967)
121.667832,31.395481,POINT (121.667832 31.395481)
121.10696000000002,31.150185,POINT (121.10696 31.150185)
121.510484,31.213552000000004,POINT (121.510484 31.213552)
121.439947,31.225782,POINT (121.439947 31.225782)
121.500313,31.322277000000003,POINT (121.500313 31.322277)
121.513673,31.231253,POINT (121.513673 31.231253)
121.362315,31.219886,POINT (121.362315 31.219886)
121.410501,31.199990000000003,POINT (121.410501 31.19999)
121.311847,31.064043,POINT (121.311847 31.064043)
121.34516200000002,31.106927,POINT (121.345162 31.106927)
121.351547,31.229588,POINT (121.351547 31.229588)
121.456757,31.275744,POINT (121.456757 31.275744)
121.481026,31.240348,POINT (121.481026 31.240348)
121.493047,31.304221,POINT (121.493047 31.304221)
121.464127,31.233019,POINT (121.464127 31.233019)
121.528487,31.294456,POINT (121.528487 31.294456)
121.503735,30.839885,POINT (121.503735 30.839885)
121.420625,31.208898,POINT (121.420625 31.208898)
121.478002,31.204366,POINT (121.478002 31.204366)
121.056219,31.078871000000003,POINT (121.056219 31.078871)
121.454524,31.219171000000006,POINT (121.454524 31.21917100000001)
121.290673,31.166376,POINT (121.290673 31.166376)
121.472758,31.23608,POINT (121.472758 31.23608)
121.459785,31.265569,POINT (121.459785 31.265569)
121.204897,31.050295,POINT (121.204897 31.050295)
121.45475,30.915661,POINT (121.45475 30.915661)
121.459765,31.233455,POINT (121.459765 31.233455)
121.480535,31.234972,POINT (121.480535 31.234972)
121.46643,31.203555,POINT (121.46643 31.203555)
121.467677,31.244765,POINT (121.467677 31.244765)
121.47957,31.208941,POINT (121.47957 31.208941)
121.501544,31.221969,POINT (121.501544 31.221969)
121.44511,31.213054,POINT (121.44511 31.213054)
121.43698,31.284745,POINT (121.43698 31.284745)
121.451877,31.206391,POINT (121.451877 31.206391)
121.431581,31.323493,POINT (121.431581 31.323493)
121.251769,31.385363,POINT (121.251769 31.385363)
121.54668,31.227528000000003,POINT (121.54668 31.227528)
121.389834,31.148401,POINT (121.389834 31.148401)
121.393561,31.068509,POINT (121.393561 31.068509)
121.311124,31.194511,POINT (121.311124 31.194511)
121.48126200000002,31.201245,POINT (121.481262 31.201245)
121.674823,31.242684000000004,POINT (121.674823 31.242684)
121.462092,31.227624,POINT (121.462092 31.227624)
121.427035,31.194632,POINT (121.427035 31.194632)
121.470442,31.221981,POINT (121.470442 31.221981)
121.463795,31.233012,POINT (121.463795 31.233012)
121.390268,31.224512,POINT (121.390268 31.224512)
121.445607,31.202532,POINT (121.445607 31.202532)
121.393714,31.173413,POINT (121.393714 31.173413)
121.108303,31.150747,POINT (121.108303 31.150747)
121.575858,31.258340000000004,POINT (121.575858 31.25834)
121.468836,31.225045,POINT (121.468836 31.225045)
121.46867,31.217975,POINT (121.46867 31.217975)
121.467651,31.246136,POINT (121.467651 31.246136)
121.511404,31.224418,POINT (121.511404 31.224418)
121.21782,31.011478000000004,POINT (121.21782 31.011478)
121.469738,31.222756,POINT (121.469738 31.222756)
121.513671,31.232516,POINT (121.513671 31.232516)
121.372182,31.234236,POINT (121.372182 31.234236)
121.253725,31.066092,POINT (121.253725 31.066092)
121.399264,31.165898,POINT (121.399264 31.165898)
121.459477,31.233127000000003,POINT (121.459477 31.233127)
121.391766,31.363081,POINT (121.391766 31.363081)
121.224754,31.152344,POINT (121.224754 31.152344)
121.4765,31.203048,POINT (121.4765 31.203048)
121.496602,31.237929,POINT (121.496602 31.237929)
121.447364,31.222494,POINT (121.447364 31.222494)
121.478899,31.238707,POINT (121.478899 31.238707)
121.556174,31.249694,POINT (121.556174 31.249694)
121.526079,31.184939,POINT (121.526079 31.184939)
121.446151,31.222141,POINT (121.446151 31.222141)
121.526773,31.304888,POINT (121.526773 31.304888)
121.566772,31.151917,POINT (121.566772 31.151917)
121.451727,31.205861,POINT (121.451727 31.205861)
121.408692,31.232688,POINT (121.408692 31.232688)
121.43791,31.190141,POINT (121.43791 31.190141)
121.380214,31.251923,POINT (121.380214 31.251923)
121.376899,31.173591,POINT (121.376899 31.173591)
121.377631,31.1896,POINT (121.377631 31.1896)
121.580129,31.266693,POINT (121.580129 31.266693)
121.383855,31.216087,POINT (121.383855 31.216087)
121.583921,31.314551,POINT (121.583921 31.314551)
121.492702,31.30368,POINT (121.492702 31.30368)
121.381793,31.322666,POINT (121.381793 31.322666)
121.531135,31.30194,POINT (121.531135 31.30194)
121.38383799999998,31.216885,POINT (121.383838 31.216885)
121.466731,31.212165,POINT (121.466731 31.212165)
121.502565,31.220315000000006,POINT (121.502565 31.22031500000001)
121.444824,31.34151,POINT (121.444824 31.34151)
121.58278500000002,31.212989,POINT (121.582785 31.212989)
121.437756,31.322802000000006,POINT (121.437756 31.32280200000001)
121.474387,31.200162,POINT (121.474387 31.200162)
121.40764,31.269912,POINT (121.40764 31.269912)
121.653783,31.143791,POINT (121.653783 31.143791)
121.661659,31.137502,POINT (121.661659 31.137502)
121.503151,31.17468,POINT (121.503151 31.17468)
121.394966,31.262412,POINT (121.394966 31.262412)
121.479719,31.401751,POINT (121.479719 31.401751)
121.452547,31.231941,POINT (121.452547 31.231941)
121.313375,30.884217,POINT (121.313375 30.884217)
121.428749,31.019224,POINT (121.428749 31.019224)
121.542656,31.20379,POINT (121.542656 31.20379)
121.577025,31.235683,POINT (121.577025 31.235683)
121.438968,31.183556,POINT (121.438968 31.183556)
121.397301,31.079381,POINT (121.397301 31.079381)
121.503114,31.236473,POINT (121.503114 31.236473)
121.41791,31.217197,POINT (121.41791 31.217197)
121.414156,31.23518,POINT (121.414156 31.23518)
121.274778,31.332078000000006,POINT (121.274778 31.33207800000001)
121.398625,31.199434000000004,POINT (121.398625 31.199434)
121.48281,31.243685,POINT (121.48281 31.243685)
121.455562,31.209612,POINT (121.455562 31.209612)
121.534401,31.219024,POINT (121.534401 31.219024)
121.558107,31.216535,POINT (121.558107 31.216535)
121.341798,31.146581,POINT (121.341798 31.146581)
121.419,31.239322,POINT (121.419 31.239322)
121.444526,31.212727,POINT (121.444526 31.212727)
121.472117,31.235929,POINT (121.472117 31.235929)
121.364906,31.209618,POINT (121.364906 31.209618)
121.453794,31.246321,POINT (121.453794 31.246321)
121.438246,31.187083,POINT (121.438246 31.187083)
121.475958,31.242918,POINT (121.475958 31.242918)
121.442276,31.227566,POINT (121.442276 31.227566)
121.443149,31.32551,POINT (121.443149 31.32551)
121.381601,31.187999,POINT (121.381601 31.187999)
121.472227,31.23503,POINT (121.472227 31.23503)
121.377689,31.157822,POINT (121.377689 31.157822)
121.307459,31.203245000000006,POINT (121.307459 31.20324500000001)
121.383845,31.216166,POINT (121.383845 31.216166)
121.511706,31.224563,POINT (121.511706 31.224563)
121.447047,31.235085,POINT (121.447047 31.235085)
121.35175900000002,31.205799,POINT (121.351759 31.205799)
121.444731,31.233859,POINT (121.444731 31.233859)
121.376923,31.178403000000007,POINT (121.376923 31.17840300000001)
121.207204,31.280965,POINT (121.207204 31.280965)
121.750951,31.047713,POINT (121.750951 31.047713)
121.605864,31.259366,POINT (121.605864 31.259366)
121.567357,31.161395,POINT (121.567357 31.161395)
121.454803,31.230976,POINT (121.454803 31.230976)
121.472569,31.223925,POINT (121.472569 31.223925)
121.517529,30.841642,POINT (121.517529 30.841642)
121.4134,31.238358,POINT (121.4134 31.238358)
121.470131,31.2233,POINT (121.470131 31.2233)
121.657046,31.141959000000003,POINT (121.657046 31.141959)
121.65716,31.142569,POINT (121.65716 31.142569)
121.658811,31.140655,POINT (121.658811 31.140655)
121.495699,31.239426,POINT (121.495699 31.239426)
121.459166,31.219894,POINT (121.459166 31.219894)
121.315759,31.292934,POINT (121.315759 31.292934)
121.355818,31.222528000000004,POINT (121.355818 31.222528)
121.442383,31.224889,POINT (121.442383 31.224889)
121.602374,31.264031,POINT (121.602374 31.264031)
121.439474,31.228981,POINT (121.439474 31.228981)
121.52087,31.230314,POINT (121.52087 31.230314)
121.435159,31.194993,POINT (121.435159 31.194993)
121.507441,31.263831,POINT (121.507441 31.263831)
121.456223,31.215670000000006,POINT (121.456223 31.21567000000001)
121.484259,31.237561,POINT (121.484259 31.237561)
121.381418,31.216572,POINT (121.381418 31.216572)
121.444937,31.233203000000003,POINT (121.444937 31.233203)
121.333782,30.756844,POINT (121.333782 30.756844)
121.383357,31.193158,POINT (121.383357 31.193158)
121.597724,31.205301,POINT (121.597724 31.205301)
121.445158,31.2284,POINT (121.445158 31.2284)
121.406731,31.10731,POINT (121.406731 31.10731)
121.503013,31.305062,POINT (121.503013 31.305062)
121.48308,31.235640000000004,POINT (121.48308 31.23564)
121.505315,31.30536,POINT (121.505315 31.30536)
121.503502,31.197354,POINT (121.503502 31.197354)
121.465418,31.221031,POINT (121.465418 31.221031)
121.550193,31.247362,POINT (121.550193 31.247362)
121.897934,30.88342,POINT (121.897934 30.88342)
121.302773,31.294285,POINT (121.302773 31.294285)
121.467602,31.246376,POINT (121.467602 31.246376)
121.326759,31.265498,POINT (121.326759 31.265498)
121.231484,31.007776,POINT (121.231484 31.007776)
121.619101,31.159077000000003,POINT (121.619101 31.159077)
121.44388,31.227803,POINT (121.44388 31.227803)
121.400421,31.213227000000003,POINT (121.400421 31.213227)
121.43379,31.210168,POINT (121.43379 31.210168)
121.529102,31.022357,POINT (121.529102 31.022357)
121.381569,31.187962,POINT (121.381569 31.187962)
121.430858,31.227041,POINT (121.430858 31.227041)
121.45329,31.184902,POINT (121.45329 31.184902)
121.558855,31.214691,POINT (121.558855 31.214691)
121.472583,31.223744,POINT (121.472583 31.223744)
121.36018500000002,31.171346000000003,POINT (121.360185 31.171346)
121.228955,31.060618,POINT (121.228955 31.060618)
121.44234,31.243613,POINT (121.44234 31.243613)
121.532671,31.231222,POINT (121.532671 31.231222)
121.229156,31.22996,POINT (121.229156 31.22996)
121.383704,31.169959,POINT (121.383704 31.169959)
121.158959,31.300208,POINT (121.158959 31.300208)
121.372597,31.172279,POINT (121.372597 31.172279)
121.446764,31.208049,POINT (121.446764 31.208049)
121.564807,31.148965000000004,POINT (121.564807 31.148965)
121.48648,31.214062,POINT (121.48648 31.214062)
121.435198,31.195003000000003,POINT (121.435198 31.195003)
121.31539,31.292567,POINT (121.31539 31.292567)
121.419783,31.393409,POINT (121.419783 31.393409)
121.457702,31.229644,POINT (121.457702 31.229644)
121.494816,31.238848,POINT (121.494816 31.238848)
121.465431,31.19713,POINT (121.465431 31.19713)
121.438234,31.194591,POINT (121.438234 31.194591)
121.519403,31.228797,POINT (121.519403 31.228797)
121.452695,31.230812,POINT (121.452695 31.230812)
121.436179,31.231,POINT (121.436179 31.231)
121.462738,31.219361,POINT (121.462738 31.219361)
121.439504,31.171316,POINT (121.439504 31.171316)
121.406907,31.107283,POINT (121.406907 31.107283)
121.379196,31.217136,POINT (121.379196 31.217136)
121.463516,31.223248,POINT (121.463516 31.223248)
121.502963,31.305051,POINT (121.502963 31.305051)
121.423697,31.220456,POINT (121.423697 31.220456)
121.441806,31.227472,POINT (121.441806 31.227472)
121.432859,31.198834,POINT (121.432859 31.198834)
121.439986,31.169987,POINT (121.439986 31.169987)
121.432324,31.196419,POINT (121.432324 31.196419)
121.574915,31.258090000000006,POINT (121.574915 31.25809000000001)
121.467665,31.224994,POINT (121.467665 31.224994)
121.429621,31.171023,POINT (121.429621 31.171023)
121.468782,31.295552,POINT (121.468782 31.295552)
121.438995,31.223927000000003,POINT (121.438995 31.223927)
121.419092,31.239344,POINT (121.419092 31.239344)
121.427064,31.218575,POINT (121.427064 31.218575)
121.222526,31.009087,POINT (121.222526 31.009087)
121.438584,31.202255,POINT (121.438584 31.202255)
121.450421,31.232196,POINT (121.450421 31.232196)
121.436302,31.338296000000003,POINT (121.436302 31.338296)
121.457496,31.212142,POINT (121.457496 31.212142)
121.383012,31.137756,POINT (121.383012 31.137756)
121.441014,31.217629,POINT (121.441014 31.217629)
121.382234,31.317055,POINT (121.382234 31.317055)
121.45644,31.202924,POINT (121.45644 31.202924)
121.417555,31.221684000000003,POINT (121.417555 31.221684)
121.524632,31.21401,POINT (121.524632 31.21401)
121.366426,31.348045000000006,POINT (121.366426 31.34804500000001)
121.434483,31.220737,POINT (121.434483 31.220737)
121.382766,31.322912,POINT (121.382766 31.322912)
121.388214,31.198292,POINT (121.388214 31.198292)
121.439103,31.323724,POINT (121.439103 31.323724)
121.393727,31.161397,POINT (121.393727 31.161397)
121.447945,31.218891,POINT (121.447945 31.218891)
121.369855,31.171989,POINT (121.369855 31.171989)
121.389234,31.227751,POINT (121.389234 31.227751)
121.471089,31.22336,POINT (121.471089 31.22336)
121.20668899999998,31.040455,POINT (121.206689 31.040455)
121.398758,31.199041,POINT (121.398758 31.199041)
121.446994,31.234088,POINT (121.446994 31.234088)
121.44383700000002,31.300498,POINT (121.443837 31.300498)
121.42418,31.233626,POINT (121.42418 31.233626)
121.455647,31.230667,POINT (121.455647 31.230667)
121.395986,31.143175,POINT (121.395986 31.143175)
121.605894,31.271392,POINT (121.605894 31.271392)
121.469587,31.216467,POINT (121.469587 31.216467)
121.406677,31.274618,POINT (121.406677 31.274618)
121.387605,31.202611,POINT (121.387605 31.202611)
121.453642,31.213012,POINT (121.453642 31.213012)
121.456572,31.215896,POINT (121.456572 31.215896)
121.57026,31.109962,POINT (121.57026 31.109962)
121.212328,31.034706,POINT (121.212328 31.034706)
121.48506,31.235066,POINT (121.48506 31.235066)
121.22741,31.007918,POINT (121.22741 31.007918)
121.532748,31.064071,POINT (121.532748 31.064071)
121.731392,31.042781,POINT (121.731392 31.042781)
121.203945,31.011377000000003,POINT (121.203945 31.011377)
121.303679,31.211372,POINT (121.303679 31.211372)
121.43907,31.282895,POINT (121.43907 31.282895)
121.3973,31.10684,POINT (121.3973 31.10684)
121.438526,31.194470000000006,POINT (121.438526 31.19447000000001)
121.353668,31.102268,POINT (121.353668 31.102268)
121.501409,31.237294,POINT (121.501409 31.237294)
121.293449,31.322402,POINT (121.293449 31.322402)
121.381968,31.317115,POINT (121.381968 31.317115)
121.47037,31.225079,POINT (121.47037 31.225079)
121.290803,31.166359000000003,POINT (121.290803 31.166359)
121.479075,30.916909000000004,POINT (121.479075 30.916909)
121.455567,31.230718,POINT (121.455567 31.230718)
121.510057,31.264046,POINT (121.510057 31.264046)
121.45275,31.128254,POINT (121.45275 31.128254)
121.408545,31.232717,POINT (121.408545 31.232717)
121.42521,31.222565000000003,POINT (121.42521 31.222565)
121.520865,31.295894,POINT (121.520865 31.295894)
121.32537,31.146516,POINT (121.32537 31.146516)
121.440367,31.344520000000006,POINT (121.440367 31.34452000000001)
121.578399,31.209232,POINT (121.578399 31.209232)
121.45811,31.174662,POINT (121.45811 31.174662)
121.420899,31.212315000000004,POINT (121.420899 31.212315)
121.848776,30.86417,POINT (121.848776 30.86417)
121.453532,31.214439,POINT (121.453532 31.214439)
121.333084,31.166926,POINT (121.333084 31.166926)
121.389154,31.192655,POINT (121.389154 31.192655)
121.47846,30.918105,POINT (121.47846 30.918105)
121.486518,31.163753000000003,POINT (121.486518 31.163753)
121.397303,31.235618,POINT (121.397303 31.235618)
121.577772,31.252249,POINT (121.577772 31.252249)
121.381692,31.216439,POINT (121.381692 31.216439)
121.51608,31.302177,POINT (121.51608 31.302177)
121.474055,31.238136,POINT (121.474055 31.238136)
121.464076,31.210137,POINT (121.464076 31.210137)
121.331956,31.26061,POINT (121.331956 31.26061)
121.397103,31.254509,POINT (121.397103 31.254509)
121.452806,31.221122,POINT (121.452806 31.221122)
121.390777,31.096624,POINT (121.390777 31.096624)
121.472117,31.235929,POINT (121.472117 31.235929)
121.504794,31.138947,POINT (121.504794 31.138947)
121.457309,30.937276,POINT (121.457309 30.937276)
121.379503,31.193173,POINT (121.379503 31.193173)
121.406504,31.233311,POINT (121.406504 31.233311)
121.49671,30.834277,POINT (121.49671 30.834277)
121.453944,30.916912,POINT (121.453944 30.916912)
121.485375,31.237371000000003,POINT (121.485375 31.237371)
121.44181100000002,31.22745,POINT (121.441811 31.22745)
121.504989,31.279403,POINT (121.504989 31.279403)
121.547112,31.225642,POINT (121.547112 31.225642)
121.507036,31.263867,POINT (121.507036 31.263867)
121.486518,31.163753000000003,POINT (121.486518 31.163753)
121.468999,31.225623,POINT (121.468999 31.225623)
121.505297,31.306229,POINT (121.505297 31.306229)
121.449062,31.229458,POINT (121.449062 31.229458)
121.500334,31.321925,POINT (121.500334 31.321925)
121.406715,31.214496,POINT (121.406715 31.214496)
121.217575,31.069503000000005,POINT (121.217575 31.069503)
121.500684,31.08421,POINT (121.500684 31.08421)
121.252059,31.38246,POINT (121.252059 31.38246)
121.406941,31.233856,POINT (121.406941 31.233856)
121.315523,31.138540000000006,POINT (121.315523 31.13854000000001)
121.474873,31.231845,POINT (121.474873 31.231845)
121.465606,31.219659000000004,POINT (121.465606 31.219659)
121.806105,30.988167,POINT (121.806105 30.988167)
121.439548,31.300390000000004,POINT (121.439548 31.30039)
121.498674,31.253016,POINT (121.498674 31.253016)
121.50705,31.306576,POINT (121.50705 31.306576)
121.512262,31.27097,POINT (121.512262 31.27097)
121.398977,31.196699,POINT (121.398977 31.196699)
121.431951,31.234678,POINT (121.431951 31.234678)
121.459482,31.233123,POINT (121.459482 31.233123)
121.382755,31.216018,POINT (121.382755 31.216018)
121.446632,31.233821,POINT (121.446632 31.233821)
121.494807,31.229055,POINT (121.494807 31.229055)
121.467602,31.246376,POINT (121.467602 31.246376)
121.456223,31.215670000000006,POINT (121.456223 31.21567000000001)
121.456223,31.215670000000006,POINT (121.456223 31.21567000000001)
121.35278,31.071048,POINT (121.35278 31.071048)
121.410347,31.209367,POINT (121.410347 31.209367)
121.404974,31.210667,POINT (121.404974 31.210667)
121.470528,31.222643,POINT (121.470528 31.222643)
121.383845,31.216166,POINT (121.383845 31.216166)
121.426412,31.220759,POINT (121.426412 31.220759)
121.480972,31.401537,POINT (121.480972 31.401537)
121.42505,31.214672,POINT (121.42505 31.214672)
121.438619,31.235598,POINT (121.438619 31.235598)
121.495619,31.381833,POINT (121.495619 31.381833)
121.511668,31.303068,POINT (121.511668 31.303068)
121.440559,31.210666,POINT (121.440559 31.210666)
121.453107,31.21313,POINT (121.453107 31.21313)
121.472649,31.27312,POINT (121.472649 31.27312)
121.467777,31.245981,POINT (121.467777 31.245981)
121.494275,31.229656,POINT (121.494275 31.229656)
121.434715,31.233314,POINT (121.434715 31.233314)
121.394385,31.621119,POINT (121.394385 31.621119)
121.396073,31.159349,POINT (121.396073 31.159349)
121.47644,31.233751,POINT (121.47644 31.233751)
121.37895,31.193182,POINT (121.37895 31.193182)
121.504543,31.298416,POINT (121.504543 31.298416)
121.372897,31.234729,POINT (121.372897 31.234729)
121.383357,31.193158,POINT (121.383357 31.193158)
121.44205,31.253816,POINT (121.44205 31.253816)
121.443735,31.232286,POINT (121.443735 31.232286)
121.46121399999998,31.205584,POINT (121.461214 31.205584)
121.52223,31.214162,POINT (121.52223 31.214162)
121.525741,31.304272,POINT (121.525741 31.304272)
121.433539,31.337101,POINT (121.433539 31.337101)
121.439304,31.228689000000006,POINT (121.439304 31.22868900000001)
121.242721,31.061965,POINT (121.242721 31.061965)
121.481479,31.293651,POINT (121.481479 31.293651)
121.453976,31.299859,POINT (121.453976 31.299859)
121.445842,31.239351,POINT (121.445842 31.239351)
121.437412,31.191951,POINT (121.437412 31.191951)
121.343928,31.174633,POINT (121.343928 31.174633)
121.402611,31.208939,POINT (121.402611 31.208939)
121.467149,31.244761,POINT (121.467149 31.244761)
121.345776,31.099328000000003,POINT (121.345776 31.099328)
121.407715,31.172272,POINT (121.407715 31.172272)
121.438623,31.231972,POINT (121.438623 31.231972)
121.44577,31.222171000000003,POINT (121.44577 31.222171)
121.355788,31.220679,POINT (121.355788 31.220679)
121.429751,31.019928000000004,POINT (121.429751 31.019928)
121.466452,31.245124,POINT (121.466452 31.245124)
121.472844,31.201039,POINT (121.472844 31.201039)
121.47167,31.234578000000006,POINT (121.47167 31.23457800000001)
121.09646200000002,31.171953,POINT (121.096462 31.171953)
121.47569,31.227233,POINT (121.47569 31.227233)
121.451188,31.230059000000004,POINT (121.451188 31.230059)
121.453424,31.246855,POINT (121.453424 31.246855)
121.254169,31.354470000000006,POINT (121.254169 31.35447000000001)
121.352081,31.159547,POINT (121.352081 31.159547)
121.302497,31.294492,POINT (121.302497 31.294492)
121.46587,31.236965,POINT (121.46587 31.236965)
121.21228,31.034768,POINT (121.21228 31.034768)
121.453224,31.167148,POINT (121.453224 31.167148)
121.281887,31.092594,POINT (121.281887 31.092594)
121.442893,31.225027,POINT (121.442893 31.225027)
121.419998,31.003479,POINT (121.419998 31.003479)
121.453193,31.247001,POINT (121.453193 31.247001)
121.446551,31.220866,POINT (121.446551 31.220866)
121.422505,31.232329,POINT (121.422505 31.232329)
121.372729,31.173677,POINT (121.372729 31.173677)
121.47183,31.235825,POINT (121.47183 31.235825)
121.437694,31.243355,POINT (121.437694 31.243355)
121.44647,31.276252000000003,POINT (121.44647 31.276252)
121.391498,31.231547,POINT (121.391498 31.231547)
121.41998999999998,31.350419,POINT (121.41999 31.350419)
121.436929,31.244603,POINT (121.436929 31.244603)
121.388036,31.202001,POINT (121.388036 31.202001)
121.412752,31.22148,POINT (121.412752 31.22148)
121.485423,31.242301,POINT (121.485423 31.242301)
121.382737,31.109232,POINT (121.382737 31.109232)
121.484701,31.236919,POINT (121.484701 31.236919)
121.557104,31.213042,POINT (121.557104 31.213042)
121.506892,31.27915,POINT (121.506892 31.27915)
121.473864,31.272823,POINT (121.473864 31.272823)
121.541289,31.206854,POINT (121.541289 31.206854)
121.422256,31.203953,POINT (121.422256 31.203953)
121.350344,31.159007,POINT (121.350344 31.159007)
121.42505,31.214672,POINT (121.42505 31.214672)
121.441229,31.325579,POINT (121.441229 31.325579)
121.442527,31.22666,POINT (121.442527 31.22666)
121.451727,31.205861,POINT (121.451727 31.205861)
121.471911,31.234495000000006,POINT (121.471911 31.23449500000001)
121.477414,31.264241,POINT (121.477414 31.264241)
121.439562,31.228728000000004,POINT (121.439562 31.228728)
121.227178,31.008058,POINT (121.227178 31.008058)
121.408568,31.214858000000003,POINT (121.408568 31.214858)
121.492751,31.230644,POINT (121.492751 31.230644)
121.579043,31.20166,POINT (121.579043 31.20166)
121.492743,31.230644,POINT (121.492743 31.230644)
121.487092,31.234761,POINT (121.487092 31.234761)
121.47045,31.219917,POINT (121.47045 31.219917)
121.406641,31.107201,POINT (121.406641 31.107201)
121.48307,31.219329,POINT (121.48307 31.219329)
121.489018,31.249419,POINT (121.489018 31.249419)
121.445485,31.235176,POINT (121.445485 31.235176)
121.487219,31.234709,POINT (121.487219 31.234709)
121.482247,31.233462,POINT (121.482247 31.233462)
121.239505,31.060419,POINT (121.239505 31.060419)
121.468419,31.236563,POINT (121.468419 31.236563)
121.463516,31.223248,POINT (121.463516 31.223248)
121.691071,31.187821000000003,POINT (121.691071 31.187821)
121.454226,31.324801,POINT (121.454226 31.324801)
121.43506200000002,31.345048,POINT (121.435062 31.345048)
121.48506,31.235066,POINT (121.48506 31.235066)
121.415676,31.244297,POINT (121.415676 31.244297)
121.419202,31.209495,POINT (121.419202 31.209495)
121.601007,31.31957,POINT (121.601007 31.31957)
121.484503,31.21892,POINT (121.484503 31.21892)
121.457699,31.176279,POINT (121.457699 31.176279)
121.523132,31.231946,POINT (121.523132 31.231946)
121.46725,31.244861,POINT (121.46725 31.244861)
121.427218,31.219690000000003,POINT (121.427218 31.21969)
121.378712,31.236695,POINT (121.378712 31.236695)
121.430558,31.218106,POINT (121.430558 31.218106)
121.130427,31.120204,POINT (121.130427 31.120204)
121.47716,31.273906,POINT (121.47716 31.273906)
121.513663,31.304131,POINT (121.513663 31.304131)
121.433204,31.196769,POINT (121.433204 31.196769)
121.420177,31.206799,POINT (121.420177 31.206799)
121.42816,31.187343,POINT (121.42816 31.187343)
121.452175,31.247032,POINT (121.452175 31.247032)
121.40396,31.209055,POINT (121.40396 31.209055)
121.343587,31.283319,POINT (121.343587 31.283319)
121.052887,31.110251,POINT (121.052887 31.110251)
121.4642,31.216991,POINT (121.4642 31.216991)
121.392769,31.081947,POINT (121.392769 31.081947)
121.207006,31.039893,POINT (121.207006 31.039893)
121.447444,31.22843,POINT (121.447444 31.22843)
121.487354,31.219272,POINT (121.487354 31.219272)
121.346793,31.223985,POINT (121.346793 31.223985)
121.523826,31.232729,POINT (121.523826 31.232729)
121.453537,31.246467,POINT (121.453537 31.246467)
121.445669,31.225778,POINT (121.445669 31.225778)
121.210151,31.05159,POINT (121.210151 31.05159)
121.497484,31.252006,POINT (121.497484 31.252006)
121.442258,31.325076,POINT (121.442258 31.325076)
121.344356,31.0941,POINT (121.344356 31.0941)
121.47401,31.269137,POINT (121.47401 31.269137)
121.42913,31.176095,POINT (121.42913 31.176095)
121.804591,31.153161,POINT (121.804591 31.153161)
121.827065,31.48692,POINT (121.827065 31.48692)
121.454434,31.230274,POINT (121.454434 31.230274)
121.576839,31.137392,POINT (121.576839 31.137392)
121.435207,31.331414,POINT (121.435207 31.331414)
121.468093,31.236128000000004,POINT (121.468093 31.236128)
121.402228,31.128923,POINT (121.402228 31.128923)
121.408074,31.234767,POINT (121.408074 31.234767)
121.334594,31.166743,POINT (121.334594 31.166743)
121.466791,31.22831,POINT (121.466791 31.22831)
121.441108,31.339441,POINT (121.441108 31.339441)
121.406211,31.229318,POINT (121.406211 31.229318)
121.450362,31.246309000000004,POINT (121.450362 31.246309)
121.448525,31.237086,POINT (121.448525 31.237086)
121.387595,31.20278,POINT (121.387595 31.20278)
121.434464,31.203693,POINT (121.434464 31.203693)
121.443855,31.217842,POINT (121.443855 31.217842)
121.589197,31.11722,POINT (121.589197 31.11722)
121.452152,31.210148,POINT (121.452152 31.210148)
121.463986,31.210462,POINT (121.463986 31.210462)
121.556994,31.213036,POINT (121.556994 31.213036)
121.388822,31.198473,POINT (121.388822 31.198473)
121.433783,31.200675,POINT (121.433783 31.200675)
121.486807,31.234472,POINT (121.486807 31.234472)
121.387227,31.192121000000004,POINT (121.387227 31.192121)
121.31562,31.309954,POINT (121.31562 31.309954)
121.462823,31.321365000000004,POINT (121.462823 31.321365)
121.478448,31.287419,POINT (121.478448 31.287419)
121.547112,31.225642,POINT (121.547112 31.225642)
121.479055,31.238613,POINT (121.479055 31.238613)
121.500922,31.306163,POINT (121.500922 31.306163)
121.546357,31.210344,POINT (121.546357 31.210344)
121.43668999999998,31.257186,POINT (121.43669 31.257186)
121.440604,31.204592,POINT (121.440604 31.204592)
121.318907,31.241692,POINT (121.318907 31.241692)
121.524126,31.242649,POINT (121.524126 31.242649)
121.501976,31.304342,POINT (121.501976 31.304342)
121.470883,31.221003000000003,POINT (121.470883 31.221003)
121.441611,31.225863,POINT (121.441611 31.225863)
121.658538,31.140658,POINT (121.658538 31.140658)
121.479923,31.239669,POINT (121.479923 31.239669)
121.597617,31.208212,POINT (121.597617 31.208212)
121.453315,31.321094,POINT (121.453315 31.321094)
121.43982,31.217239000000006,POINT (121.43982 31.21723900000001)
121.424821,31.203443,POINT (121.424821 31.203443)
121.44061,31.040157,POINT (121.44061 31.040157)
121.731392,31.042781,POINT (121.731392 31.042781)
121.387087,31.174202,POINT (121.387087 31.174202)
121.51878,30.839981,POINT (121.51878 30.839981)
121.456738,31.275719,POINT (121.456738 31.275719)
121.444744,31.225712,POINT (121.444744 31.225712)
121.455325,31.261959,POINT (121.455325 31.261959)
121.484701,31.236919,POINT (121.484701 31.236919)
121.483628,31.240845,POINT (121.483628 31.240845)
121.441219,31.325562,POINT (121.441219 31.325562)
121.367876,31.171442,POINT (121.367876 31.171442)
121.256219,31.345990000000004,POINT (121.256219 31.34599)
121.333084,31.166926,POINT (121.333084 31.166926)
121.466751,31.212285,POINT (121.466751 31.212285)
121.512877,31.231544,POINT (121.512877 31.231544)
121.492678,31.230811,POINT (121.492678 31.230811)
121.466165,31.206824,POINT (121.466165 31.206824)
121.517043,31.240227,POINT (121.517043 31.240227)
121.48445,31.215068,POINT (121.48445 31.215068)
121.346235,31.156988,POINT (121.346235 31.156988)
121.513876,31.309503000000007,POINT (121.513876 31.30950300000001)
121.441084,31.339545,POINT (121.441084 31.339545)
121.504818,31.304919,POINT (121.504818 31.304919)
121.438933,31.224237,POINT (121.438933 31.224237)
121.512901,31.231646,POINT (121.512901 31.231646)
121.470441,31.223011,POINT (121.470441 31.223011)
121.50869,31.304281,POINT (121.50869 31.304281)
121.230121,31.230032,POINT (121.230121 31.230032)
121.444987,31.235142,POINT (121.444987 31.235142)
121.803875,31.500466,POINT (121.803875 31.500466)
121.4854,31.333573,POINT (121.4854 31.333573)
121.511186,30.908249,POINT (121.511186 30.908249)
121.461704,31.227495,POINT (121.461704 31.227495)
121.523827,31.232640000000004,POINT (121.523827 31.23264)
121.391472,31.175095,POINT (121.391472 31.175095)
121.556553,31.257081,POINT (121.556553 31.257081)
121.565995,31.11953,POINT (121.565995 31.11953)
121.679384,31.268564,POINT (121.679384 31.268564)
121.44666200000002,31.222278000000006,POINT (121.446662 31.22227800000001)
121.576715,31.137398,POINT (121.576715 31.137398)
121.355635,31.221889,POINT (121.355635 31.221889)
121.350344,31.159007,POINT (121.350344 31.159007)
121.493387,31.267193,POINT (121.493387 31.267193)
121.48077,30.918972,POINT (121.48077 30.918972)
121.454378,31.219292,POINT (121.454378 31.219292)
121.390297,31.224841,POINT (121.390297 31.224841)
121.513874,31.304549,POINT (121.513874 31.304549)
121.535289,31.175465000000006,POINT (121.535289 31.17546500000001)
121.503645,31.30556,POINT (121.503645 31.30556)
121.487563,31.189954,POINT (121.487563 31.189954)
121.591824,31.035667,POINT (121.591824 31.035667)
121.89771299999998,30.88297,POINT (121.897713 30.88297)
121.453201,31.212390000000006,POINT (121.453201 31.21239000000001)
121.583884,31.340921,POINT (121.583884 31.340921)
121.466982,31.206189,POINT (121.466982 31.206189)
121.453217,31.299933000000006,POINT (121.453217 31.29993300000001)
121.452518,31.215156,POINT (121.452518 31.215156)
121.485466,31.238674,POINT (121.485466 31.238674)
121.487584,31.189946000000006,POINT (121.487584 31.18994600000001)
121.408131,31.233606,POINT (121.408131 31.233606)
121.159946,30.899140000000006,POINT (121.159946 30.89914000000001)
121.408131,31.233607,POINT (121.408131 31.233607)
121.373712,31.234096,POINT (121.373712 31.234096)
121.149147,31.302203,POINT (121.149147 31.302203)
121.434456,31.193962,POINT (121.434456 31.193962)
121.612889,31.140505,POINT (121.612889 31.140505)
121.303615,31.016465000000004,POINT (121.303615 31.016465)
121.435208,31.207238,POINT (121.435208 31.207238)
121.52223,31.214162,POINT (121.52223 31.214162)
121.3948,31.634053,POINT (121.3948 31.634053)
121.603659,31.270846,POINT (121.603659 31.270846)
121.463084,31.21941,POINT (121.463084 31.21941)
121.40908600000002,31.214575,POINT (121.409086 31.214575)
121.433837,31.192683,POINT (121.433837 31.192683)
121.694621,31.190631,POINT (121.694621 31.190631)
121.419237,31.211315000000006,POINT (121.419237 31.21131500000001)
121.485711,31.254345,POINT (121.485711 31.254345)
121.419117,31.205769,POINT (121.419117 31.205769)
121.408131,31.233607,POINT (121.408131 31.233607)
121.43891200000002,31.3816,POINT (121.438912 31.3816)
121.456659,31.207982,POINT (121.456659 31.207982)
121.410302,31.202394,POINT (121.410302 31.202394)
121.48397,31.322537,POINT (121.48397 31.322537)
121.46299,31.237452,POINT (121.46299 31.237452)
121.364906,31.209618,POINT (121.364906 31.209618)
121.770263,31.051055,POINT (121.770263 31.051055)
121.481065,31.240109000000004,POINT (121.481065 31.240109)
121.529478,31.244490000000006,POINT (121.529478 31.24449000000001)
121.445025,31.210444,POINT (121.445025 31.210444)
121.382251,31.109166,POINT (121.382251 31.109166)
121.511706,31.224563,POINT (121.511706 31.224563)
121.43993,31.324834000000006,POINT (121.43993 31.32483400000001)
121.479646,31.239687,POINT (121.479646 31.239687)
121.455183,31.230922,POINT (121.455183 31.230922)
121.403788,31.208837,POINT (121.403788 31.208837)
121.704147,31.156615,POINT (121.704147 31.156615)
121.501389,31.320207,POINT (121.501389 31.320207)
121.339482,30.728185,POINT (121.339482 30.728185)
121.242369,31.038307,POINT (121.242369 31.038307)
121.629388,31.218766,POINT (121.629388 31.218766)
121.625925,31.316893,POINT (121.625925 31.316893)
121.537026,31.243847,POINT (121.537026 31.243847)
121.481632,30.918535,POINT (121.481632 30.918535)
121.453306,31.034448,POINT (121.453306 31.034448)
121.461655,31.202416,POINT (121.461655 31.202416)
121.485743,31.313901,POINT (121.485743 31.313901)
121.550998,31.255371000000004,POINT (121.550998 31.255371)
121.346235,31.156988,POINT (121.346235 31.156988)
121.470274,31.237031,POINT (121.470274 31.237031)
121.703595,31.186678000000004,POINT (121.703595 31.186678)
121.43261499999998,31.185024,POINT (121.432615 31.185024)
121.628764,31.201421000000003,POINT (121.628764 31.201421)
121.406442,31.272628000000005,POINT (121.406442 31.272628)
121.450944,31.246047,POINT (121.450944 31.246047)
121.447524,31.150052,POINT (121.447524 31.150052)
121.494356,31.265408,POINT (121.494356 31.265408)
121.383284,31.193299,POINT (121.383284 31.193299)
121.7498,31.178603000000006,POINT (121.7498 31.17860300000001)
121.409111,31.214563,POINT (121.409111 31.214563)
121.913404,30.886317,POINT (121.913404 30.886317)
121.486457,31.264468,POINT (121.486457 31.264468)
121.407723,31.172197,POINT (121.407723 31.172197)
121.469761,31.217052,POINT (121.469761 31.217052)
121.466421,31.203509000000004,POINT (121.466421 31.203509)
121.469223,31.237528,POINT (121.469223 31.237528)
121.48776,31.188672,POINT (121.48776 31.188672)
121.502995,31.292739,POINT (121.502995 31.292739)
121.501521,31.221869,POINT (121.501521 31.221869)
121.468043,31.208045,POINT (121.468043 31.208045)
121.497498,31.240519,POINT (121.497498 31.240519)
121.495652,31.239399,POINT (121.495652 31.239399)
121.43896200000002,31.192493,POINT (121.438962 31.192493)
121.47322,31.223512,POINT (121.47322 31.223512)
121.494792,31.266140000000004,POINT (121.494792 31.26614)
121.43881,31.183822,POINT (121.43881 31.183822)
121.438006,31.187652000000003,POINT (121.438006 31.187652)
121.52722,31.270095,POINT (121.52722 31.270095)
121.238273,31.348483,POINT (121.238273 31.348483)
121.583252,31.274156,POINT (121.583252 31.274156)
121.43881,31.183822,POINT (121.43881 31.183822)
121.346235,31.156988,POINT (121.346235 31.156988)
121.431413,31.245076,POINT (121.431413 31.245076)
121.396542,31.208301,POINT (121.396542 31.208301)
121.464242,31.222924,POINT (121.464242 31.222924)
121.309019,31.19528,POINT (121.309019 31.19528)
121.384321,31.105877000000003,POINT (121.384321 31.105877)
121.450758,31.207384,POINT (121.450758 31.207384)
121.443709,31.325854,POINT (121.443709 31.325854)
121.394669,31.159252,POINT (121.394669 31.159252)
121.439351,31.224585,POINT (121.439351 31.224585)
121.503944,30.839627,POINT (121.503944 30.839627)
121.582427,31.243781,POINT (121.582427 31.243781)
121.346235,31.156988,POINT (121.346235 31.156988)
121.46346,31.223201,POINT (121.46346 31.223201)
121.776586,31.040019,POINT (121.776586 31.040019)
121.590829,31.113392,POINT (121.590829 31.113392)
121.200271,31.418059000000003,POINT (121.200271 31.418059)
121.418339,31.333155,POINT (121.418339 31.333155)
121.397934,31.211444,POINT (121.397934 31.211444)
121.473082,31.209584000000003,POINT (121.473082 31.209584)
121.688105,31.19299,POINT (121.688105 31.19299)
121.245225,31.38614,POINT (121.245225 31.38614)
121.735598,31.055202,POINT (121.735598 31.055202)
121.513904,31.310984,POINT (121.513904 31.310984)
121.44145,31.338982,POINT (121.44145 31.338982)
121.489504,31.180782,POINT (121.489504 31.180782)
121.514739,31.23119,POINT (121.514739 31.23119)
121.459443,31.128104,POINT (121.459443 31.128104)
121.576289,31.13737,POINT (121.576289 31.13737)
121.394551,31.15906,POINT (121.394551 31.15906)
121.38308,31.193143,POINT (121.38308 31.193143)
121.486209,31.236758,POINT (121.486209 31.236758)
121.381406,31.217347,POINT (121.381406 31.217347)
121.629248,31.225249,POINT (121.629248 31.225249)
121.452637,31.188056,POINT (121.452637 31.188056)
121.422257,31.208691,POINT (121.422257 31.208691)
121.437368,31.239522,POINT (121.437368 31.239522)
121.484368,31.238534,POINT (121.484368 31.238534)
121.421143,31.333657,POINT (121.421143 31.333657)
121.436109,31.243578000000007,POINT (121.436109 31.24357800000001)
121.753657,31.05554,POINT (121.753657 31.05554)
121.500858,31.322371,POINT (121.500858 31.322371)
121.237358,31.060041,POINT (121.237358 31.060041)
121.480791,30.918711,POINT (121.480791 30.918711)
121.506191,31.308351,POINT (121.506191 31.308351)
121.468679,31.272209000000004,POINT (121.468679 31.272209)
121.704592,31.156173,POINT (121.704592 31.156173)
121.602148,31.180715000000006,POINT (121.602148 31.18071500000001)
121.440676,31.171114000000006,POINT (121.440676 31.17111400000001)
121.39436299999998,31.167355,POINT (121.394363 31.167355)
121.500097,31.0961,POINT (121.500097 31.0961)
121.499377,31.181335,POINT (121.499377 31.181335)
121.474932,31.230873,POINT (121.474932 31.230873)
121.470501,31.224477,POINT (121.470501 31.224477)
121.687274,31.191599,POINT (121.687274 31.191599)
121.485657,31.235975,POINT (121.485657 31.235975)
121.515644,31.22826,POINT (121.515644 31.22826)
121.777436,31.047992,POINT (121.777436 31.047992)
121.49683799999998,31.237887,POINT (121.496838 31.237887)
121.494895,31.266695,POINT (121.494895 31.266695)
121.60643600000002,31.256348,POINT (121.606436 31.256348)
121.192635,31.018779,POINT (121.192635 31.018779)
121.308043,31.192609,POINT (121.308043 31.192609)
121.442446,31.3256,POINT (121.442446 31.3256)
121.515464,31.210605,POINT (121.515464 31.210605)
121.43974,31.217155,POINT (121.43974 31.217155)
121.396619,31.211457,POINT (121.396619 31.211457)
121.47583,31.341447,POINT (121.47583 31.341447)
121.505297,31.306229,POINT (121.505297 31.306229)
121.503856,30.829802,POINT (121.503856 30.829802)
121.440689,31.197111,POINT (121.440689 31.197111)
121.519713,31.229135,POINT (121.519713 31.229135)
121.321703,31.141039000000006,POINT (121.321703 31.14103900000001)
121.700081,31.196606,POINT (121.700081 31.196606)
121.467413,31.246329,POINT (121.467413 31.246329)
121.59823,31.206202,POINT (121.59823 31.206202)
121.569248,31.152559000000004,POINT (121.569248 31.152559)
121.438928,31.194684,POINT (121.438928 31.194684)
121.376677,31.233681,POINT (121.376677 31.233681)
121.402803,31.212182,POINT (121.402803 31.212182)
121.402445,31.207662,POINT (121.402445 31.207662)
121.464864,31.217223,POINT (121.464864 31.217223)
121.438022,31.190495,POINT (121.438022 31.190495)
121.503348,31.218997,POINT (121.503348 31.218997)
121.346235,31.156988,POINT (121.346235 31.156988)
121.384141,31.207775,POINT (121.384141 31.207775)
121.515043,31.276205,POINT (121.515043 31.276205)
121.453001,31.186417,POINT (121.453001 31.186417)
121.491349,30.960155,POINT (121.491349 30.960155)
121.447145,31.230244,POINT (121.447145 31.230244)
121.424569,31.215529,POINT (121.424569 31.215529)
121.388003,31.202634000000003,POINT (121.388003 31.202634)
121.439285,31.22863,POINT (121.439285 31.22863)
121.51153,31.303526,POINT (121.51153 31.303526)
121.39795,31.211505,POINT (121.39795 31.211505)
121.53118899999998,31.291176,POINT (121.531189 31.291176)
121.411416,31.222078000000003,POINT (121.411416 31.222078)
121.504093,30.830003,POINT (121.504093 30.830003)
121.486477,31.235905,POINT (121.486477 31.235905)
121.734278,31.041519,POINT (121.734278 31.041519)
121.446825,31.342816,POINT (121.446825 31.342816)
121.410261,31.171915,POINT (121.410261 31.171915)
121.54668,31.227528000000003,POINT (121.54668 31.227528)
121.210505,31.051667,POINT (121.210505 31.051667)
121.381037,31.199004,POINT (121.381037 31.199004)
121.466552,31.21,POINT (121.466552 31.21)
121.464048,31.208926,POINT (121.464048 31.208926)
121.433795,31.197289,POINT (121.433795 31.197289)
121.51256,31.23046,POINT (121.51256 31.23046)
121.422257,31.208691,POINT (121.422257 31.208691)
121.444305,31.209466,POINT (121.444305 31.209466)
121.600933,31.263673,POINT (121.600933 31.263673)
121.494638,31.334867,POINT (121.494638 31.334867)
121.500496,31.279436,POINT (121.500496 31.279436)
121.413226,31.221226,POINT (121.413226 31.221226)
121.51256,31.23046,POINT (121.51256 31.23046)
121.441806,31.227472,POINT (121.441806 31.227472)
121.42691,31.264201,POINT (121.42691 31.264201)
121.381506,31.216431,POINT (121.381506 31.216431)
121.441057,31.337999,POINT (121.441057 31.337999)
121.534832,31.314348,POINT (121.534832 31.314348)
121.49486,31.303807,POINT (121.49486 31.303807)
121.394319,31.274140000000006,POINT (121.394319 31.27414000000001)
121.349853,31.227223,POINT (121.349853 31.227223)
121.424646,31.214794,POINT (121.424646 31.214794)
121.469878,31.230299,POINT (121.469878 31.230299)
121.464222,31.209717,POINT (121.464222 31.209717)
121.511693,31.224579,POINT (121.511693 31.224579)
121.441043,31.226145,POINT (121.441043 31.226145)
121.479245,31.214513,POINT (121.479245 31.214513)
121.007398,30.925521000000003,POINT (121.007398 30.925521)
121.473197,31.272375,POINT (121.473197 31.272375)
121.430753,31.218366,POINT (121.430753 31.218366)
121.66785,31.292373,POINT (121.66785 31.292373)
121.411559,31.174138,POINT (121.411559 31.174138)
121.384075,31.215916,POINT (121.384075 31.215916)
121.483994,31.211398,POINT (121.483994 31.211398)
121.493624,31.238585,POINT (121.493624 31.238585)
121.503563,31.275175,POINT (121.503563 31.275175)
121.51242,31.225071000000003,POINT (121.51242 31.225071)
121.445607,31.202532,POINT (121.445607 31.202532)
121.370714,31.274079,POINT (121.370714 31.274079)
121.491772,31.263378000000003,POINT (121.491772 31.263378)
121.489072,31.25196,POINT (121.489072 31.25196)
121.483071,31.231315,POINT (121.483071 31.231315)
121.444807,31.229279,POINT (121.444807 31.229279)
121.513863,31.217425,POINT (121.513863 31.217425)
121.503355,31.236851,POINT (121.503355 31.236851)
121.503355,31.236851,POINT (121.503355 31.236851)
121.492681,31.237275,POINT (121.492681 31.237275)
121.501185,31.222202000000006,POINT (121.501185 31.22220200000001)
121.400879,31.165732,POINT (121.400879 31.165732)
121.488384,31.233673,POINT (121.488384 31.233673)
121.468688,31.238376,POINT (121.468688 31.238376)
121.24884,31.385276,POINT (121.24884 31.385276)
121.525984,31.224039,POINT (121.525984 31.224039)
121.559096,31.215062,POINT (121.559096 31.215062)
121.475132,31.28166,POINT (121.475132 31.28166)
121.462192,31.244715000000006,POINT (121.462192 31.24471500000001)
121.537468,31.267399,POINT (121.537468 31.267399)
121.439596,31.221198,POINT (121.439596 31.221198)
121.47933799999998,30.917941,POINT (121.479338 30.917941)
121.38813600000002,31.21738,POINT (121.388136 31.21738)
121.404151,31.089798,POINT (121.404151 31.089798)
121.401309,31.133018,POINT (121.401309 31.133018)
121.463064,31.210421000000004,POINT (121.463064 31.210421)
121.383507,31.193128,POINT (121.383507 31.193128)
